,Name,Youtuber,Country, Subscribers,"Avg. views
",Avg. likes,Avg Views,Avg Commentss,ViewsCategory
0,T-Series,tseries,India,32850000.0,,4600.0,141500.0,125.0,1
1,Cocomelon - Nursery Rhymes,checkgate,,32850000.0,,64800.0,2246412.5,0.0,1
2,PewDiePie,PewDiePie,United States,32850000.0,,130500.0,1900000.0,7400.0,1
3,MrBeast,MrBeast6000,United States,32850000.0,,2200000.0,2246412.5,70900.0,1
4,✿ Kids Diana Show,✿ Kids Diana Show,,32850000.0,,34800.0,2246412.5,0.0,1
5,Like Nastya,Like Nastya,,32850000.0,,28100.0,2246412.5,0.0,1
6,WWE,WWEFanNation,United States,32850000.0,,4800.0,139500.0,205.0,1
7,Zee Music Company,zeemusiccompany,India,32850000.0,,1400.0,103700.0,54.0,1
8,Vlad and Niki,Vlad and Niki,,32850000.0,,14400.0,2246412.5,0.0,1
9,BLACKPINK,BLACKPINK,United States,32850000.0,,1400000.0,2246412.5,42000.0,1
10,5-Minute Crafts,5-Minute Crafts,India,32850000.0,,1800.0,214100.0,77.0,1
11,Goldmines,GoldminesTelefilms,India,32850000.0,,2100.0,141900.0,56.0,1
12,Sony SAB,sabtv,India,32850000.0,,924.0,61700.0,18.0,1
13,BANGTANTV,BANGTANTV,India,32850000.0,,743300.0,2246412.5,15800.0,1
14,HYBE LABELS,ibighit,United States,32850000.0,,173100.0,1000000.0,4500.0,1
15,Canal KondZilla,CanalKondZilla,Brazil,32850000.0,,1700.0,37400.0,109.0,0
16,Zee TV,zeetv,India,32850000.0,,1100.0,109400.0,15.0,1
17,Shemaroo Filmi Gaane,filmigaane,India,32850000.0,,273.0,30400.0,14.0,0
18,Pinkfong Baby Shark - Kids' Songs & Stories,SmartBooksMedia,,32850000.0,,1300.0,523200.0,0.0,1
19,ChuChu TV Nursery Rhymes & Kids Songs,ChuChu TV Nursery Rhymes & Kids Songs,,32850000.0,,3600.0,758800.0,0.0,1
20,Dude Perfect,corycotton,United States,32850000.0,,206700.0,2246412.5,7900.0,1
21,Movieclips,movieclips,United States,32850000.0,,181.0,18800.0,11.0,0
22,Colors TV,colorstv,India,32850000.0,,407.0,19300.0,5.0,0
23,Marshmello,Marshmello,United States,32850000.0,,13200.0,197900.0,729.0,1
24,Wave Music,BHOJPURIWAVE,,32850000.0,,857.0,56600.0,94.0,1
25,Tips Official,tipsmusic,India,32850000.0,,2800.0,233300.0,60.0,1
26,Aaj Tak,aajtaktv,India,32850000.0,,138.0,7500.0,11.0,0
27,EminemMusic,EminemMusic,United States,32850000.0,,90600.0,1600000.0,5300.0,1
28,T-Series Bhakti Sagar,tseriesbhakti,India,32850000.0,,1300.0,45600.0,53.0,0
29,Sony Music India,sonymusicindiaSME,India,32850000.0,,15900.0,451400.0,1100.0,1
30,Ed Sheeran,EdSheeran,United States,32850000.0,,20900.0,239100.0,1100.0,1
31,El Reino Infantil,ReinoMariaElenaWalsh,,32850000.0,,894.0,234600.0,0.0,1
32,LooLoo Kids - Nursery Rhymes and Children's Songs,LooLooKids,United States,32850000.0,,5700.0,1100000.0,0.0,1
33,YRF,yrf,India,32850000.0,,3400.0,67200.0,19.0,1
34,BillionSurpriseToys - English Kids Songs & Cartoon,BillionSurpriseToys - English Kids Songs & Cartoon,,32850000.0,,0.0,399900.0,0.0,1
35,Infobells - Hindi,infobellshindirhymes,India,32850000.0,,4800.0,967000.0,0.0,1
36,JuegaGerman,JuegaGerman,Mexico,32850000.0,,114400.0,1700000.0,3900.0,1
37,Badabun,Badabun,Mexico,32850000.0,,447.0,9400.0,8.0,0
38,Fernanfloo,Fernanfloo,Mexico,32850000.0,,0.0,2246412.5,26600.0,1
39,Felipe Neto,felipeneto,Brazil,32850000.0,,124500.0,1000000.0,1300.0,1
40,BRIGHT SIDE,BRIGHT SIDE,United States,32850000.0,,1400.0,51300.0,116.0,1
41,whinderssonnunes,whinderssonnunes,Brazil,32850000.0,,58800.0,350900.0,1600.0,1
42,Você Sabia?,vcsabiavideos,Brazil,32850000.0,,46400.0,488200.0,228.0,1
43,Bad Bunny,Bad Bunny,Mexico,32850000.0,,1400000.0,2246412.5,62000.0,1
44,SonyMusicIndiaVEVO,sonymusicindiaVEVO,India,32850000.0,,2400.0,76800.0,93.0,1
45,Get Movies,getmovies,,32850000.0,,375.0,60400.0,0.0,1
46,A4,A4,Russia,32850000.0,,483600.0,2246412.5,30400.0,1
47,Like Nastya Show,Like Nastya Show,,32850000.0,,786.0,121600.0,0.0,1
48,Speed Records,speedrecordss,India,32850000.0,,1500.0,47500.0,76.0,0
49,ABS-CBN Entertainment,ABSCBNOnline,Philippines,32850000.0,,19.0,1200.0,0.0,0
50,Shemaroo,ShemarooEnt,India,32850000.0,,65.0,8900.0,4.0,0
51,elrubiusOMG,elrubiusOMG,Spain,32850000.0,0.0,0.0,0.0,0.0,0
52,Little Baby Bum - Nursery Rhymes & Kids Songs,LittleBabyBum,,32850000.0,,532.0,218600.0,0.0,1
53,Voot Kids,Voot Kids,,32850000.0,,11800.0,1500000.0,0.0,1
54,Luisito Comunica,LuisitoComunicaa,Mexico,32850000.0,,124200.0,2246412.5,3900.0,1
55,Маша и Медведь,MashaMedvedTV,,32850000.0,,7800.0,1500000.0,0.0,1
56,TheEllenShow,TheEllenShow,United States,32850000.0,,411.0,16100.0,40.0,0
57,Ishtar Music,venus,India,32850000.0,,1300.0,54500.0,17.0,1
58,LUCCAS NETO - LUCCAS TOON,luccasneto,Brazil,32850000.0,,16400.0,923800.0,0.0,1
59,GR6 EXPLODE,gr6explode,Brazil,32850000.0,,4800.0,75200.0,133.0,1
60,Kimberly Loaiza,Kimberly Loaiza,Mexico,32850000.0,,389700.0,2000000.0,4100.0,1
61,Shakira,shakira,United States,32850000.0,,0.0,2100000.0,2400.0,1
62,WorkpointOfficial,WorkpointOfficial,Thailand,32850000.0,,168.0,10600.0,5.0,0
63,Daddy Yankee,DaddyYankeeOFFTV,Colombia,32850000.0,0.0,0.0,0.0,0.0,0
64,Toys and Colors,Toys and Colors,,32850000.0,,4500.0,2246412.5,0.0,1
65,CarryMinati,AddictedA1,India,32850000.0,,4400000.0,2246412.5,170900.0,1
66,TEDx Talks,TEDxTalks,United States,32850000.0,205.0,4.0,205.0,0.0,0
67,shfa2 - شفا,shfa2 - شفا,,32850000.0,,3200.0,326000.0,0.0,1
68,shfa,shfa,France,32850000.0,,52900.0,2246412.5,0.0,1
69,Jkk Entertainment,Jkk Entertainment,India,32850000.0,,32600.0,2246412.5,450.0,1
70,Masha and The Bear,Masha and The Bear,,32850000.0,,7600.0,1800000.0,0.0,1
71,Super Simple Songs - Kids Songs,SuperSimpleSongs,,32850000.0,,3800.0,1800000.0,0.0,1
72,Ozuna,Ozuna,United States,32850000.0,,116700.0,2246412.5,4100.0,1
73,Goldmines Gaane Sune Ansune,Goldmines Gaane Sune Ansune,India,32850000.0,,271.0,33100.0,14.0,0
74,one31,gmmonetv,Thailand,32850000.0,,127.0,6600.0,2.0,0
75,Mikecrack,Mikecrack,Mexico,32850000.0,,334800.0,2246412.5,6100.0,1
76,Like Nastya ESP,Like Nastya ESP,,32850000.0,,1200.0,372400.0,0.0,1
77,Maria Clara & JP,Maria Clara & JP,,32850000.0,,40000.0,2246412.5,0.0,1
78,YouTube,YouTube,United States,32850000.0,,0.0,258800.0,0.0,1
79,Markiplier,markiplierGAME,United States,32850000.0,,145900.0,2246412.5,5800.0,1
80,VEGETTA777,vegetta777,Mexico,32850000.0,,57400.0,766500.0,416.0,1
81,Total Gaming,Total Gaming,India,32850000.0,,127400.0,1200000.0,6300.0,1
82,ARY Digital HD,ARY Digital HD,Pakistan,32850000.0,,121.0,10400.0,6.0,0
83,ABP NEWS,abpnewstv,India,32850000.0,,43.0,3500.0,4.0,0
84,Desi Music Factory,Desi Music Factory,India,32850000.0,,4400.0,2246412.5,2500.0,1
85,Ultra Bollywood,UltraHindi,India,32850000.0,,217.0,24900.0,9.0,0
86,Sony PAL,sonypalindia,India,32850000.0,,104.0,9100.0,8.0,0
87,Geet MP3,Geet MP3,India,32850000.0,,22800.0,341800.0,1200.0,1
88,NoCopyrightSounds,NoCopyrightSounds,United States,32850000.0,,15600.0,362500.0,1200.0,1
89,Ryan's World,Ryan's World,,32850000.0,,4100.0,826900.0,0.0,1
90,HAR PAL GEO,harpalgeo,Pakistan,32800000.0,,44.0,5000.0,2.0,0
91,SSSniperWolf,SSSniperWolf,United States,32700000.0,,107200.0,2246412.5,6900.0,1
92,T-Series Apna Punjab,tseriesapnapunjab,India,32600000.0,,1600.0,30000.0,31.0,0
93,IndiaTV,IndiaTV,India,32400000.0,,134.0,8600.0,12.0,0
94,KHANDESHI MOVIES,KHANDESHI MOVIES,India,32300000.0,,36700.0,2246412.5,579.0,1
95,La Granja de Zenón,cancionesdelagranja,,31800000.0,,2900.0,668200.0,0.0,1
96,GENIAL,GENIAL,Mexico,31500000.0,,1800.0,51500.0,68.0,1
97,Eros Now Music,erosentertainment,India,31200000.0,,552.0,20500.0,22.0,0
98,Galinha Pintadinha,juptube,,31100000.0,,64900.0,2246412.5,0.0,1
99,Bollywood Classics,tseriesoldisgold,India,31000000.0,,547.0,30700.0,28.0,0
100,Luis Fonsi,Luis Fonsi,United States,31000000.0,,3100.0,34800.0,69.0,0
101,SMTOWN,SMTOWN,United States,31000000.0,,51400.0,326000.0,1600.0,1
102,Selena Gomez,SelGomez,United States,30900000.0,,38600.0,347900.0,796.0,1
103,Mr Bean,MrBean,India,30800000.0,,2700.0,191100.0,80.0,1
104,Rajshri,rajshri,India,30600000.0,,145.0,18500.0,8.0,0
105,Ricis Official,Ricis Official,Indonesia,30600000.0,,27300.0,621600.0,789.0,1
106,Trap Nation,AllTrapNation,United States,30400000.0,,2600.0,74900.0,96.0,1
107,DisneyMusicVEVO,DisneyMusicVEVO,United States,30300000.0,,6100.0,295200.0,393.0,1
108,The Tonight Show Starring Jimmy Fallon,latenight,United States,30200000.0,,5600.0,166500.0,171.0,1
109,Saregama Music,SongsOfIndianCinema,India,30100000.0,,967.0,26600.0,11.0,0
110,AH,AH,Indonesia,30000000.0,,37300.0,831500.0,2600.0,1
111,Spinnin' Records,SpinninRec,United States,29800000.0,,2600.0,56000.0,74.0,1
112,rezendeevil,rezendeevil,Brazil,29600000.0,,28500.0,293400.0,742.0,1
113,BabyBus - Kids Songs and Cartoons,BabyBus - Kids Songs and Cartoons,,29600000.0,,4500.0,792600.0,0.0,1
114,The Weeknd,xoxxxoooxo,United States,29500000.0,,50100.0,652500.0,2400.0,1
115,Jingle Toons,Jingle Toons,India,29100000.0,,830.0,82500.0,10.0,1
116,PowerKids TV,PowerKids,India,29100000.0,,0.0,83500.0,0.0,1
117,Worldwide Records Bhojpuri,WWRBhojpuri,India,29000000.0,,2300.0,85500.0,103.0,1
118,ImagineDragons,ImagineDragons,United States,28800000.0,,13700.0,133500.0,151.0,1
119,Vlad và Nikita,Vlad và Nikita,,28800000.0,,24600.0,2246412.5,0.0,1
120,MrBeast Gaming,MrBeast Gaming,United States,28800000.0,,419900.0,2246412.5,16500.0,1
121,Ultra Music,UltraRecords,United States,28800000.0,,824.0,22800.0,41.0,0
122,jacksepticeye,jacksepticeye,United States,28800000.0,,125600.0,2246412.5,6200.0,1
123,Maluma,Maluma,Colombia,28800000.0,,2600.0,45600.0,202.0,0
124,Techno Gamerz,Techno Gamerz,India,28600000.0,,319500.0,2246412.5,15400.0,1
125,Peppa Pig - Official Channel,theofficialpeppa,,28500000.0,,4200.0,886300.0,0.0,1
126,Wow Kidz,Wow Kidz,,28300000.0,,643.0,57700.0,0.0,1
127,قناة طيور الجنة | toyoraljanahtv,toyoraljanahtv,,28300000.0,,0.0,252300.0,0.0,1
128,DONA 도나,DONA 도나,United States,28200000.0,0.0,0.0,0.0,0.0,0
129,Talking Tom,TalkingTomCat,United States,28100000.0,,839.0,769900.0,0.0,1
130,Little Angel: Nursery Rhymes & Kids Songs,Little Angel: Nursery Rhymes & Kids Songs,,28000000.0,,7400.0,1300000.0,0.0,1
131,KAROL G,Karolgmusic,Colombia,28000000.0,,1700000.0,2246412.5,96200.0,1
132,The Late Late Show with James Corden,TheLateLateShow,United States,28000000.0,,2300.0,86700.0,130.0,1
133,GMANetwork,GMANETWORK,Philippines,27900000.0,,78.0,3200.0,2.0,0
134,MR. INDIAN HACKER,MR. INDIAN HACKER,India,27400000.0,,451900.0,2246412.5,18500.0,1
135,TheDonato,TheDonato,Mexico,27300000.0,,34200.0,380600.0,678.0,1
136,Zee News,zeenews,India,27200000.0,,202.0,10800.0,14.0,0
137,infobells - Tamil,infobellstamil,,27200000.0,,1800.0,375200.0,0.0,1
138,Genevieve's Playhouse - Learning Videos for Kids,Genevieve's Playhouse - Learning Videos for Kids,,27100000.0,,1200.0,1300000.0,0.0,1
139,Diana and Roma ESP,Diana and Roma ESP,,26700000.0,,3900.0,728900.0,0.0,1
140,ToypuddingTV,toypudding,India,26600000.0,,32.0,5300.0,1.0,0
141,व्लाद और निकिता,व्लाद और निकिता,,26600000.0,,3900.0,460000.0,0.0,1
142,Bounce Patrol - Kids Songs,Bounce Patrol - Kids Songs,,26600000.0,,5900.0,1000000.0,0.0,1
143,Aditya Music,adityamusic,India,26500000.0,,359.0,16800.0,17.0,0
144,infobells - Telugu,infobellstelugu,,26400000.0,,1400.0,305900.0,0.0,1
145,enchufetv,enchufetv,Ecuador,26400000.0,,14400.0,178200.0,71.0,1
146,DanTDM,TheDiamondMinecart,United States,26300000.0,,48400.0,1600000.0,5100.0,1
147,WORLDSTARHIPHOP,WorldStarHipHopTV,United States,26100000.0,,1100.0,34600.0,86.0,0
148,toycantando,toycantando,,25900000.0,,481.0,99700.0,0.0,1
149,VanossGaming,VanossGaming,United States,25800000.0,,45600.0,1000000.0,647.0,1
150,1MILLION Dance Studio,1MILLION Dance Studio,India,25700000.0,,2500.0,48600.0,36.0,0
151,Renato Garcia,xSkyHeLLxx,Brazil,25700000.0,,97900.0,1100000.0,1500.0,1
152,LosPolinesios,LosPolinesios,Mexico,25700000.0,,62000.0,1700000.0,2200.0,1
153,JYP Entertainment,jypentertainment,United States,25500000.0,,24100.0,219800.0,1300.0,1
154,BB Ki Vines,BB Ki Vines,India,25500000.0,,870800.0,2246412.5,73300.0,1
155,Lucas and Marcus,TwiNboTzVids,United States,25500000.0,,25700.0,1000000.0,1200.0,1
156,Nick Jr.,nickelodeonjuniorfr,,25400000.0,,241.0,76300.0,0.0,1
157,Smosh,smosh,United States,25100000.0,,12600.0,213100.0,437.0,1
158,Beyoncé,beyonce,United States,25100000.0,,221400.0,2246412.5,12500.0,1
159,Jess No Limit,Jess No Limit,Indonesia,24900000.0,,11700.0,319900.0,897.0,1
160,Goldmines Dishoom,Goldmines Dishoom,,24800000.0,,327.0,28300.0,0.0,0
161,WatchMojo.com,WatchMojo,United States,24700000.0,,2500.0,92300.0,310.0,1
162,Nicki Minaj,NickiMinajTelevision,United States,24700000.0,,32700.0,350500.0,2400.0,1
163,Sandeep Maheshwari,Sandeep Maheshwari,India,24700000.0,,28000.0,257100.0,172.0,1
164,Masha y el Oso,Masha y el Oso,,24500000.0,,3500.0,562900.0,0.0,1
165,Netflix,NewOnNetflix,United States,24500000.0,,3400.0,198900.0,321.0,1
166,Raffy Tulfo in Action,Raffy Tulfo in Action,Philippines,24500000.0,,10500.0,680200.0,1000.0,1
167,David Guetta,davidguettavevo,Brazil,24500000.0,,6500.0,178200.0,369.0,1
168,Post Malone,postmalone,United States,24500000.0,,9800.0,138200.0,573.0,1
169,ZHC,ZHC,United States,24500000.0,0.0,0.0,0.0,0.0,0
170,1theK (원더케이),LOENENT,Indonesia,24300000.0,,1100.0,12300.0,49.0,0
171,Rans Entertainment,Rans Entertainment,Indonesia,24200000.0,,29700.0,894400.0,737.0,1
172,Amit Bhadana,Amit Bhadana,India,24200000.0,0.0,0.0,0.0,0.0,0
173,Chloe Ting,Chloe Ting,United States,24100000.0,,10700.0,183600.0,374.0,1
174,Aditya Movies,adityacinema,India,24100000.0,,496.0,22400.0,17.0,0
175,KSI,KSIOlajidebt,United Kingdom,24100000.0,,51700.0,453800.0,1800.0,1
176,James Charles,James Charles,United States,23900000.0,,65300.0,1100000.0,1400.0,1
177,Ninja,NinjasHyper,United States,23900000.0,,11300.0,251400.0,613.0,1
178,Diana and Roma HIN,Diana and Roma HIN,,23700000.0,,1700.0,328000.0,0.0,1
179,Chris Brown,ChrisBrownTV,United States,23700000.0,,361300.0,2246412.5,19300.0,1
180,Coldplay,ColdplayVEVO,United States,23600000.0,,13700.0,329500.0,600.0,1
181,Logan Paul,Logan Paul,United States,23600000.0,0.0,0.0,0.0,0.0,0
182,TRANS7 OFFICIAL,TRANS7indonesia,Indonesia,23500000.0,,89.0,6600.0,8.0,0
183,ABPLIVE,ABPLIVE,India,23500000.0,,28.0,2500.0,3.0,0
184,Happy Lives,Happy Lives,,23500000.0,,218.0,30800.0,0.0,0
185,Shemaroo Movies,shemaroomovies,India,23400000.0,,474.0,45000.0,12.0,0
186,Troom Troom,Troom Troom,,23400000.0,,3500.0,367100.0,128.0,1
187,NickyJamTV,NickyJamTV,Colombia,23300000.0,,2300.0,26800.0,65.0,0
188,Mister Max,Mister Max,Russia,23100000.0,,34800.0,1800000.0,1300.0,1
189,Enrique Iglesias,EnriqueIglesiasPlay,United States,23000000.0,,2800.0,29000.0,155.0,0
190,Sesame Street,SesameStreet,,23000000.0,,517.0,199300.0,0.0,1
191,Tina Pontes,mildicasdemulher,Brazil,23000000.0,,4000.0,105300.0,0.0,1
192,netd müzik,netdmuzikk,Turkey,22900000.0,,244.0,9300.0,50.0,0
193,Jelly,JellyYT,United States,22900000.0,,10300.0,224100.0,531.0,1
194,Goldmines Bollywood,Goldmines Bollywood,India,22900000.0,,117.0,20200.0,7.0,0
195,Crazy XYZ,Crazy XYZ,India,22900000.0,,294100.0,2246412.5,10200.0,1
196,Anuel AA,Anuel AA,Colombia,22700000.0,,832600.0,2246412.5,58200.0,1
197,DrossRotzank,DrossRotzank,Mexico,22700000.0,,150200.0,2200000.0,8400.0,1
198,The Lallantop,The Lallantop,India,22600000.0,,1000.0,36900.0,107.0,0
199,Miss Katy,Miss Katy,Russia,22500000.0,,15600.0,1000000.0,667.0,1
200,Frost Diamond,Frost Diamond,Indonesia,22500000.0,,35100.0,488900.0,1200.0,1
201,HUM TV,HumNetwork,Pakistan,22500000.0,,10.0,1600.0,0.0,0
202,Like Nastya AE,Like Nastya AE,,22400000.0,,3000.0,456200.0,0.0,1
203,WB Kids,WB Kids,,22400000.0,,559.0,92600.0,0.0,1
204,The Chainsmokers,THECHAINSMOKERS,United States,22300000.0,,1700.0,34800.0,47.0,0
205,Technical Guruji,Technical Guruji,India,22300000.0,,10500.0,178400.0,1200.0,1
206,GMM GRAMMY OFFICIAL,gmmgrammyofficial,Thailand,22300000.0,,72.0,3800.0,3.0,0
207,Venus Movies,VenusMovies,India,22200000.0,,1200.0,143600.0,29.0,1
208,Smile Family,Smile Family,,22100000.0,,719.0,78400.0,0.0,1
209,mmoshaya,mmoshaya,Saudi Arabia,22100000.0,,33100.0,2000000.0,2200.0,1
210,America's Got Talent,AmericasGotTalent,United States,21900000.0,,4200.0,263300.0,246.0,1
211,White Hill Music,WHBBP,India,21900000.0,,1700.0,22700.0,54.0,0
212,Paulo Londra,Paulo Londra,Argentina,21900000.0,,682900.0,2246412.5,24700.0,1
213,Diana and Roma ARA,Diana and Roma ARA,,21900000.0,,8200.0,1200000.0,0.0,1
214,TED,TEDtalksDirector,United States,21900000.0,,1300.0,47500.0,162.0,0
215,Goldmines Movies,goldmineshindi,India,21700000.0,,81.0,9000.0,5.0,0
216,FaZe Rug,oRugrat,United States,21700000.0,,106200.0,2246412.5,7300.0,1
217,Peppa Pig Español Latino - Canal Oficial,PeppaLatinoAmericano,,21600000.0,,3200.0,624900.0,0.0,1
218,Pen Movies,PenIndiaPvtLimited,India,21600000.0,,2500.0,56000.0,79.0,1
219,Enaldinho,TheEnaldinhO,Brazil,21600000.0,,43800.0,816100.0,656.0,1
220,BabyBus - Canciones Infantiles & Cuentos,BabyBus - Canciones Infantiles & Cuentos,,21400000.0,,2300.0,478200.0,0.0,1
221,MrBeast en Español,MrBeast en Español,Mexico,21200000.0,,265600.0,2246412.5,10100.0,1
222,Like Nastya PRT,Like Nastya PRT,,21200000.0,,2200.0,365600.0,0.0,1
223,Juan De Dios Pantoja,Juan De Dios Pantoja,Mexico,21200000.0,,237300.0,2246412.5,4400.0,1
224,SSundee,SSundee,United States,21100000.0,,95100.0,1700000.0,3700.0,1
225,Brent Rivera,Brent Rivera,United States,21100000.0,,201900.0,2246412.5,13100.0,1
226,Tasty,Tasty,United States,21100000.0,,4300.0,112800.0,64.0,1
227,FGTeeV,FGTeeV,United States,21100000.0,,18500.0,1300000.0,2000.0,1
228,Preston,PrestonPlayz,United States,21000000.0,,53200.0,1400000.0,521.0,1
229,Charlie Puth,CharliesVlogs,United States,21000000.0,,59800.0,615300.0,2200.0,1
230,5-Minute Crafts DIY,5-Minute Crafts DIY,India,20900000.0,,303.0,18300.0,9.0,0
231,D Billions,D Billions,,20900000.0,,1200.0,1000000.0,0.0,1
232,Baim Paula,Baim Paula,Indonesia,20900000.0,,27100.0,642400.0,2100.0,1
233,Goldmines Cineplex,Goldmines Cineplex,India,20800000.0,,84.0,6400.0,3.0,0
234,Canal Canalha,CanalCanalha,Brazil,20700000.0,,146900.0,1200000.0,4100.0,1
235,Kids TV - Nursery Rhymes And Baby Songs,Kids TV - Nursery Rhymes And Baby Songs,,20700000.0,,379.0,122400.0,0.0,1
236,National Geographic,NationalGeographic,United States,20500000.0,,1600.0,40300.0,57.0,0
237,Disney Latinoamérica,DisneyChannelLA,,20500000.0,,129.0,22100.0,0.0,0
238,Brave Wilderness,Brave Wilderness,United States,20500000.0,,32200.0,1600000.0,3100.0,1
239,Family GamesTV,Family GamesTV,,20500000.0,,0.0,9600.0,0.0,0
240,StarPlus,starplus,India,20500000.0,,5600.0,260900.0,69.0,1
241,Ultra Movie Parlour,UltraMovieParlour,India,20300000.0,,910.0,40700.0,15.0,0
242,BuzzFeedVideo,BuzzFeedVideo,United States,20300000.0,,824.0,33100.0,23.0,0
243,AuthenticGames,AuthenticGames,Brazil,20200000.0,,2000.0,26400.0,114.0,0
244,Rotana,RotanaAudio,Saudi Arabia,20100000.0,,7200.0,153800.0,172.0,1
245,LazarBeam,LazarBeam,United States,20100000.0,0.0,0.0,0.0,0.0,0
246,shfa show India,shfa show India,,20100000.0,,9400.0,1200000.0,0.0,1
247,SlivkiShow,SlivkiChanel,Russia,20100000.0,,195900.0,2246412.5,21900.0,1
248,5-Minute Crafts PLAY,5-Minute Crafts PLAY,India,20100000.0,,297.0,79700.0,14.0,1
249,REACT,TheFineBros,United States,20100000.0,,5400.0,137500.0,400.0,1
250,Vevo,VEVO,United States,20100000.0,,415.0,11500.0,5.0,0
251,HaerteTest,HaerteTest,India,20000000.0,,151.0,23400.0,32.0,0
252,LankyBox,LankyBox,United States,20000000.0,,6600.0,438000.0,360.0,1
253,Lyrical Lemonade,GooodLifeFilms,United States,19900000.0,,60200.0,2246412.5,2900.0,1
254,Tlnovelas,TelenovelaTelevisa,Mexico,19900000.0,,282.0,11800.0,8.0,0
255,Mnet K-POP,Mnet,United States,19900000.0,,900.0,9500.0,33.0,0
256,Pencilmation,rossbollinger,United States,19900000.0,,2500.0,172900.0,76.0,1
257,Totoy kids - Português,Totoy kids - Português,,19900000.0,,4600.0,872400.0,0.0,1
258,Vlad and Niki Arabic,Vlad and Niki Arabic,,19900000.0,,6500.0,975300.0,0.0,1
259,toyorbabytv,toyorbabytv,,19800000.0,,0.0,157300.0,0.0,1
260,Pentatonix,PTXofficial,United States,19700000.0,,5700.0,120300.0,103.0,1
261,Dr. Vivek Bindra: Motivational Speaker,MrVivekBindra,India,19700000.0,,9400.0,172900.0,608.0,1
262,Romeo Santos,romeo,United States,19700000.0,,38100.0,837100.0,1600.0,1
263,Marvel Entertainment,MARVEL,United States,19700000.0,,12100.0,299400.0,786.0,1
264,Noor Stars,Noor Stars,Iraq,19600000.0,,131100.0,1300000.0,6500.0,1
265,Got Talent Global,gottalentglobal,United States,19500000.0,,1400.0,127000.0,57.0,1
266,★ Kids Roma Show,★ Kids Roma Show,,19500000.0,,8300.0,1300000.0,0.0,1
267,Gordon Ramsay,gordonramsay,United States,19500000.0,,3900.0,153800.0,320.0,1
268,Deddy Corbuzier,corbuzierprediction,Indonesia,19500000.0,,70700.0,2246412.5,8100.0,1
269,Kinder Spielzeug Kanal,Kinder Spielzeug Kanal,,19400000.0,,852.0,83400.0,0.0,1
270,Troom Troom Es,Troom Troom Es,Mexico,19300000.0,,2500.0,125700.0,72.0,1
271,Infinite,Infinite,United States,19300000.0,,25300.0,776700.0,2400.0,1
272,Eva Bravo Play,Eva Bravo Play,,19300000.0,,3400.0,523500.0,0.0,1
273,Robin Hood Gamer,RobinHoodGamer1,Brazil,19300000.0,,51400.0,1000000.0,784.0,1
274,Kurzgesagt – In a Nutshell,Kurzgesagt,United States,19300000.0,,329700.0,2246412.5,24700.0,1
275,Fatos Desconhecidos,fatosdesconhecidos,Brazil,19200000.0,,19000.0,194500.0,683.0,1
276,Beast Reacts,Beast Reacts,United States,19100000.0,,389700.0,2246412.5,7100.0,1
277,Sun TV,Sun TV,India,19100000.0,,1600.0,89400.0,19.0,1
278,Crafty Panda,Crafty Panda,India,19100000.0,,571.0,81300.0,15.0,1
279,NBA,NBA,United States,19100000.0,,1700.0,58300.0,119.0,1
280,DLS News,DLS News,India,19000000.0,,1700.0,61500.0,104.0,1
281,Clash of Clans,OfficialClashOfClans,United States,18900000.0,,14000.0,299400.0,394.0,1
282,invictor,invictorgs3,Mexico,18900000.0,,70200.0,1300000.0,982.0,1
283,Netflix India,Netflix India,India,18900000.0,,2800.0,131000.0,105.0,1
284,Jimmy Kimmel Live,JimmyKimmelLive,United States,18900000.0,,3400.0,133100.0,257.0,1
285,The ACE Family,The ACE Family,United States,18900000.0,,26000.0,702100.0,2500.0,1
286,Green Gold TV - Official Channel,greengoldtv,,18800000.0,,7400.0,922600.0,0.0,1
287,Britain's Got Talent,BritainsGotTalent09,United Kingdom,18700000.0,,1100.0,192200.0,44.0,1
288,TRT Originals Urdu,TRT Originals Urdu,Pakistan,18700000.0,,13600.0,308200.0,328.0,1
289,AS Gaming,AS Gaming,India,18700000.0,,32700.0,370700.0,1100.0,1
290,TheWillyrex,TheWillyrex,Spain,18600000.0,,1500.0,25400.0,0.0,0
291,The Royalty Family,The Royalty Family,United States,18500000.0,,90200.0,2246412.5,0.0,1
292,Vania Mania Kids,Vania Mania Kids,,18500000.0,,1700.0,368000.0,0.0,1
293,CookieSwirlC,CookieSwirlC,United States,18500000.0,,3300.0,238100.0,535.0,1
294,Official Pink Panther,PinkPanther,,18400000.0,,4800.0,674900.0,0.0,1
295,Sonotek,sonotekvideo,India,18400000.0,,655.0,28600.0,58.0,0
296,BabyBus - Cerita & Lagu Anak-anak,BabyBus - Cerita & Lagu Anak-anak,,18400000.0,,4500.0,626400.0,0.0,1
297,KBS WORLD TV,kbsworld,Indonesia,18400000.0,,137.0,5300.0,6.0,0
298,MiawAug,MiawAug,Indonesia,18400000.0,,35400.0,850700.0,2100.0,1
299,CKN,CKN,,18300000.0,,1400.0,235300.0,0.0,1
300,HiMan,HiMan,Russia,18300000.0,,76900.0,1600000.0,2400.0,1
301,ElTrollino,ElTrollino,Mexico,18300000.0,,102600.0,2246412.5,2800.0,1
302,Unbox Therapy,Unbox Therapy,United States,18300000.0,,28200.0,1200000.0,3300.0,1
303,Turma da Mônica,turmadamonicaTV,,18200000.0,,1200.0,127300.0,0.0,1
304,Diana and Roma EN,TheElenaYa,,18200000.0,,2800.0,701100.0,0.0,1
305,Heidi & Zidane बच्चों की कहानियाँ,Heidi & Zidane बच्चों की कहानियाँ,,18200000.0,,1300.0,165100.0,0.0,1
306,Ninja Kidz TV,Ninja Kidz TV,United States,18200000.0,,18800.0,793900.0,1300.0,1
307,INCRÍVEL,INCRÍVEL,,18200000.0,,1300.0,26100.0,33.0,0
308,TheOdd1sOut,TheOdd1sOut,United States,18100000.0,,44200.0,1100000.0,1600.0,1
309,Dan-Sa / Daniel Saboya,DanielSaboya,Brazil,18100000.0,,1300.0,40700.0,48.0,0
310,Emiway Bantai,Emiway Bantai,India,18100000.0,,208500.0,1600000.0,23600.0,1
311,GEN HALILINTAR,GEN HALILINTAR,Indonesia,18100000.0,,10400.0,195700.0,238.0,1
312,Мирошка ТВ,Мирошка ТВ,United States,18100000.0,,87.0,15000.0,3.0,0
313,Vsauce,Vsauce,United States,18100000.0,,17600.0,318900.0,489.0,1
314,Farruko,farrukotv,United States,18100000.0,,39600.0,641600.0,1800.0,1
315,Kids Channel India - Hindi Rhymes and Baby Songs,Kids Channel India - Hindi Rhymes and Baby Songs,,18000000.0,,1000.0,120200.0,0.0,1
316,SCTV,SCTVIndonesia,Indonesia,17900000.0,,410.0,24200.0,23.0,0
317,Village Cooking Channel,Village Cooking Channel,India,17900000.0,,262500.0,2246412.5,5500.0,1
318,Like Nastya Vlog,Like Nastya Vlog,,17900000.0,,1800.0,415900.0,0.0,1
319,Good Mythical Morning,rhettandlink2,United States,17900000.0,,34600.0,1200000.0,1400.0,1
320,Naisa Alifia Yuriza (N.A.Y),Naisa Alifia Yuriza (N.A.Y),Indonesia,17900000.0,,35500.0,908300.0,596.0,1
321,Lil Pump,Lil Pump,United States,17900000.0,,77600.0,1300000.0,8100.0,1
322,Demi Lovato,therealdemilovato,United States,17800000.0,,5300.0,53500.0,136.0,1
323,Marmok,dj47maryn,Russia,17800000.0,,377100.0,2246412.5,17600.0,1
324,RsiamMusic : อาร์สยาม,rsiammusic,Thailand,17800000.0,,274.0,10100.0,9.0,0
325,Познаватель,ThePoznavatel,Russia,17700000.0,,65600.0,2246412.5,2400.0,1
326,TheGrefg,TheGrefg,Spain,17700000.0,,74800.0,986100.0,1300.0,1
327,Ali-A,Matroix,United States,17700000.0,,13600.0,466400.0,904.0,1
328,Little Angel Español - Canciones Infantiles,Little Angel Español - Canciones Infantiles,,17700000.0,,2600.0,425600.0,0.0,1
329,Vlad and Niki IDN,Vlad and Niki IDN,,17700000.0,,2500.0,605500.0,0.0,1
330,Mother Goose Club Playhouse,SockeyeMedia,,17700000.0,,160.0,62900.0,0.0,1
331,etvteluguindia,etvteluguindia,India,17600000.0,,211.0,18800.0,3.0,0
332,Khan GS Research Centre,Khan GS Research Centre,India,17600000.0,,540400.0,2246412.5,23200.0,1
333,Sebastián Yatra,SebastianYatra,Colombia,17600000.0,,5300.0,84900.0,389.0,1
334,TED-Ed,TEDEducation,United States,17500000.0,,12300.0,202500.0,358.0,1
335,officialpsy,officialpsy,United States,17500000.0,,258400.0,2246412.5,7400.0,1
336,Porta dos Fundos,portadosfundos,Brazil,17400000.0,,73600.0,738900.0,725.0,1
337,Kiddiestv Hindi - Nursery Rhymes & Kids Songs,Kiddiestv Hindi - Nursery Rhymes & Kids Songs,,17400000.0,,210.0,55600.0,0.0,1
338,Junya Official Channel,Junya Official Channel,Japan,17400000.0,,24100.0,2100000.0,132.0,1
339,RobleisIUTU,RobleisIUTU,Argentina,17400000.0,,57000.0,838800.0,1900.0,1
340,Maya and Mary,Maya and Mary,,17400000.0,,0.0,1600.0,0.0,0
341,Rafa & Luiz,Rafa & Luiz,Brazil,17400000.0,,33000.0,587500.0,703.0,1
342,Masha e o Urso,Masha e o Urso,,17400000.0,,3600.0,489100.0,0.0,1
343,Stubborn Facts,Stubborn Facts,India,17300000.0,,3400.0,66700.0,166.0,1
344,SQUEEZIE,aMOODIEsqueezie,France,17300000.0,,423000.0,2246412.5,7900.0,1
345,EeOneGuy,EeOneGuy,Russia,17300000.0,,13200.0,204600.0,5600.0,1
346,SUPER SLICK SLIME SAM,SUPER SLICK SLIME SAM,Mexico,17200000.0,,6700.0,222200.0,176.0,1
347,Willyrex,Willyrex,Mexico,17200000.0,,13200.0,151900.0,66.0,1
348,Grammy Gold Official,grammygoldofficia,Thailand,17200000.0,,312.0,15000.0,9.0,0
349,DUDU e CAROL,DUDU e CAROL,Brazil,17200000.0,,188300.0,2246412.5,1100.0,1
350,شبكة العاب العرب | Arab Games Network,ArabGamesNetwork,Algeria,17200000.0,,28200.0,307500.0,1400.0,1
351,Sourav Joshi Vlogs,Sourav Joshi Vlogs,India,17000000.0,,532300.0,2246412.5,13900.0,1
352,IGN,IGNentertainment,United States,17000000.0,,1000.0,45700.0,105.0,0
353,Jason Derulo,JasonDerulo,United States,17000000.0,,4500.0,68100.0,66.0,1
354,Guava Juice,aynakoitsroi,United States,17000000.0,,6300.0,217400.0,708.0,1
355,7clouds,monstafluffmusicTV,United States,16900000.0,,5200.0,233600.0,175.0,1
356,Jane ASMR 제인,Jane ASMR 제인,United States,16900000.0,,5600.0,290000.0,285.0,1
357,Anitta,AnittaOficial,Brazil,16900000.0,,132500.0,2246412.5,9100.0,1
358,Doggy Doggy Cartoons,kidstvsongs,,16800000.0,,50.0,3100.0,0.0,0
359,Triggered Insaan,Triggered Insaan,India,16800000.0,,521300.0,2246412.5,15700.0,1
360,SOMOY TV,SOMOY TV,Bangladesh,16800000.0,,185.0,8300.0,13.0,0
361,Dhar Mann,Dhar Mann,United States,16800000.0,,130700.0,2246412.5,6100.0,1
362,Dushyant kukreja,Dushyant kukreja,India,16700000.0,,245300.0,2246412.5,531.0,1
363,Manual do Mundo,iberethenorio,Brazil,16700000.0,,53300.0,411500.0,645.0,1
364,Shemaroo Comedy,indiancomedy,India,16700000.0,,913.0,98900.0,26.0,1
365,TheBrianMaps,TheBrianMaps,Russia,16600000.0,,204300.0,2246412.5,11400.0,1
366,Tu COSMOPOLIS,Tu COSMOPOLIS,Mexico,16600000.0,,6200.0,78600.0,534.0,1
367,DeToxoMoroxo,jquintanac5,Mexico,16600000.0,,34600.0,571900.0,9100.0,1
368,Alejo Igoa,Alejo Igoa,Argentina,16600000.0,,293500.0,2246412.5,76700.0,1
369,Goldmines Great Indian Comedy,Goldmines Great Indian Comedy,India,16600000.0,,180.0,14100.0,9.0,0
370,zbing z.,zbingzbing,Thailand,16500000.0,,15600.0,390300.0,541.0,1
371,SonyMusicSouthVEVO,SonyMusicSouthVEVO,,16500000.0,,577.0,21000.0,21.0,0
372,tanboy kun,tanboy kun,Indonesia,16500000.0,,47500.0,2000000.0,2100.0,1
373,IDEAS EN 5 MINUTOS,IDEAS EN 5 MINUTOS,Mexico,16500000.0,,335.0,39800.0,8.0,0
374,Apple,Apple,,16400000.0,,27500.0,2246412.5,0.0,1
375,Zuni and Family,Zuni and Family,,16400000.0,,1300.0,225500.0,0.0,1
376,Prajapati News,Prajapati News,India,16400000.0,,1300.0,24700.0,64.0,0
377,Sandra Cires Art,Sandra Cires Art,Colombia,16400000.0,,37400.0,412000.0,537.0,1
378,Blippi - Educational Videos for Kids,Blippi - Educational Videos for Kids,,16400000.0,,4200.0,1300000.0,0.0,1
379,Sidemen,Sidemen,United Kingdom,16400000.0,,412200.0,2246412.5,10600.0,1
380,ExtraPolinesios,ppextras,Mexico,16400000.0,,5600.0,131800.0,157.0,1
381,Dan Rhodes,Dan Rhodes,India,16300000.0,,119000.0,1800000.0,409.0,1
382,RKD Studios,rkddigital,India,16300000.0,,1900.0,171400.0,56.0,1
383,Antrax,Antrax,Mexico,16300000.0,,41400.0,570500.0,1500.0,1
384,The Game Theorists,MatthewPatrick13,United States,16200000.0,,123900.0,2246412.5,5900.0,1
385,Queen Official,queenofficial,United States,16200000.0,0.0,0.0,0.0,0.0,0
386,Fede Vigevani,Fede Vigevani,Mexico,16200000.0,,202700.0,2246412.5,10600.0,1
387,FailArmy,failarmy,United States,16200000.0,,28600.0,2246412.5,2100.0,1
388,El Reino a Jugar,El Reino a Jugar,,16200000.0,,1800.0,400700.0,0.0,1
389,Katie Angel,Katie Angel,Mexico,16100000.0,,25900.0,306100.0,173.0,1
390,Les' Copaque Production,lescopaque,Indonesia,16100000.0,,878.0,74900.0,35.0,1
391,VICE,vice,United States,16100000.0,,5600.0,414400.0,1300.0,1
392,Kaykai Salaider,Kaykai Salaider,Thailand,16100000.0,,103600.0,1100000.0,4700.0,1
393,Boyce Avenue,boyceavenue,Brazil,16000000.0,,11500.0,314700.0,450.0,1
394,Marques Brownlee,marquesbrownlee,United States,16000000.0,,127000.0,2246412.5,4300.0,1
395,Sony AATH,Sony AATH,Bangladesh,16000000.0,,1000.0,59200.0,40.0,1
396,YOLO AVENTURAS,YOLO AVENTURAS,Mexico,16000000.0,,140700.0,1700000.0,708.0,1
397,Zhong,Zhong,United States,16000000.0,,252500.0,2246412.5,1500.0,1
398,jeffreestar,jeffreestar,United States,16000000.0,,50000.0,1200000.0,5500.0,1
399,Aayu and Pihu Show,Aayu and Pihu Show,India,16000000.0,,71300.0,2246412.5,4200.0,1
400,DopeLyrics,DopeLyrics,United States,16000000.0,,272.0,10300.0,28.0,0
401,JJ Olatunji,KSIOlajidebtHD,United States,16000000.0,,286400.0,2246412.5,11900.0,1
402,Zappy Toons - Hindi Nursery Rhymes and Stories,Zappy Toons - Hindi Nursery Rhymes and Stories,,16000000.0,,1500.0,317500.0,0.0,1
403,Smile Family Spanish,Smile Family Spanish,,15900000.0,,2500.0,440700.0,0.0,1
404,Jason Vlogs,Jason Vlogs,,15900000.0,,2100.0,454300.0,0.0,1
405,AMARINTV : อมรินทร์ทีวี,AMARINTV : อมรินทร์ทีวี,Thailand,15900000.0,,93.0,6400.0,7.0,0
406,Ivana Alawi,Ivana Alawi,Philippines,15800000.0,,196800.0,2246412.5,11600.0,1
407,Matt Stonie,MegatoadStonie,United States,15800000.0,,52300.0,1200000.0,2500.0,1
408,Pitbull,PitbullMusic,United States,15800000.0,,1600.0,18500.0,43.0,0
409,Caeli YT,CaELiKe,,15800000.0,,1600.0,43400.0,199.0,0
410,News24,News24page,India,15800000.0,,110.0,5800.0,10.0,0
411,Pop Chartbusters,popchartbusters,India,15800000.0,,10100.0,36900.0,37.0,0
412,Rotten Tomatoes Trailers,movieclipsTRAILERS,United States,15800000.0,,659.0,41900.0,71.0,0
413,AdMe,AdMe,Russia,15800000.0,,1500.0,50500.0,81.0,1
414,Gato Galactico | GALÁXIA,OGatoGalactico,Brazil,15600000.0,,4900.0,90400.0,78.0,1
415,And TV,And TV,India,15600000.0,,104.0,8900.0,4.0,0
416,Roman Atwood Vlogs,RomanAtwoodVlogs,United States,15600000.0,,0.0,311000.0,995.0,1
417,Dyland PROS,Dyland PROS,Indonesia,15500000.0,,2100.0,33300.0,98.0,0
418,FitDance,portalfitdance,,15500000.0,,1100.0,32900.0,16.0,0
419,RCTI - LAYAR DRAMA INDONESIA,RCTI - LAYAR DRAMA INDONESIA,Indonesia,15400000.0,,353.0,20000.0,22.0,0
420,Camilo,CamiloMusicaVideo,Colombia,15400000.0,,9300.0,157000.0,125.0,1
421,MrBeast Shorts,MrBeast Shorts,United States,15400000.0,,1300000.0,2246412.5,4800.0,1
422,Like Nastya VNM,Like Nastya VNM,,15400000.0,,0.0,524800.0,0.0,1
423,SriBalajiMovies,SriBalajiMovies,India,15400000.0,,85.0,12900.0,2.0,0
424,LOKESH GAMER,LOKESH GAMER,India,15400000.0,,40600.0,349200.0,1500.0,1
425,T3ddy,T3DDYgames,Brazil,15300000.0,,79900.0,801500.0,2200.0,1
426,Stokes Twins,alanalan9635,United States,15300000.0,,404600.0,2246412.5,40200.0,1
427,With Kids[위드키즈],With Kids[위드키즈],United States,15300000.0,,0.0,71100.0,0.0,1
428,Kerajinan 5-Menit,Kerajinan 5-Menit,Indonesia,15200000.0,,147.0,17000.0,6.0,0
429,Like Nastya IDN,Like Nastya IDN,,15200000.0,,0.0,150600.0,0.0,1
430,Oyuncak Avı,Oyuncak Avı,,15200000.0,,0.0,284800.0,15.0,1
431,Dangal TV Channel,Dangal TV Channel,India,15200000.0,,956.0,63800.0,6.0,1
432,5-Minute Crafts FAMILY,5-Minute Crafts FAMILY,United States,15200000.0,,175.0,16100.0,9.0,0
433,SAM SMITH,SAM SMITH,United States,15200000.0,,2000.0,29900.0,61.0,0
434,Ch7HD,bbtvch7,Thailand,15200000.0,,135.0,7100.0,2.0,0
435,TheRichest,TheRichest,United States,15200000.0,,644.0,22200.0,81.0,0
436,POPS Kids,popskids,Indonesia,15200000.0,,53.0,4100.0,0.0,0
437,حِرف إبداعية في 5 دقائق,حِرف إبداعية في 5 دقائق,Egypt,15100000.0,,344.0,35800.0,16.0,0
438,Lahari Music | T-Series,laharimusic,India,15100000.0,,1300.0,30600.0,23.0,0
439,LEGO,LEGO,United States,15100000.0,,666.0,54800.0,0.0,1
440,НТВ,ntvru,Russia,15000000.0,,901.0,82300.0,216.0,1
441,Henrique e Juliano,hejproducao,Brazil,15000000.0,,3700.0,71800.0,152.0,1
442,Mariale,Mariale,Mexico,15000000.0,,7000.0,154700.0,285.0,1
443,Talking Tom & Friends,TalkingFriends,United States,15000000.0,,2300.0,220600.0,0.0,1
444,Makiman131,Makiman131,Spain,15000000.0,,15600.0,279500.0,604.0,1
445,Ranz Kyle,ranziscool,Philippines,15000000.0,,27400.0,786300.0,881.0,1
446,Volga Video,newvolgavideo,India,15000000.0,,43.0,5300.0,2.0,0
447,Harsh Beniwal,Harsh Beniwal,India,15000000.0,,1200000.0,2246412.5,31600.0,1
448,NichLmao,NichLmao,United States,15000000.0,,361200.0,2246412.5,2000.0,1
449,Super Senya,Super Senya,,15000000.0,,167.0,37200.0,0.0,0
450,LIV Crime,LIV Crime,India,15000000.0,,1100.0,95500.0,35.0,1
451,Niana Guerrero,Niana Guerrero,Philippines,15000000.0,,31500.0,1000000.0,1100.0,1
452,Wow Kidz Action,Wow Kidz Action,,15000000.0,,9100.0,1300000.0,0.0,1
453,League of Legends,RiotGamesInc,United States,15000000.0,,33500.0,515800.0,1100.0,1
454,GMMTV OFFICIAL​​,GMMTVSPOTLIKE,Thailand,15000000.0,,544.0,24900.0,14.0,0
455,Kwebbelkop,kwebbelkop,United States,15000000.0,,3000.0,100200.0,284.0,1
456,La Rosa de Guadalupe,La Rosa de Guadalupe,Mexico,14900000.0,,865.0,90800.0,19.0,1
457,NDTV India,ndtvindia,India,14900000.0,,305.0,12700.0,33.0,0
458,BBC News Hindi,bbchindi,India,14900000.0,,0.0,167300.0,311.0,1
459,MK MUSIC,mkmusicnews,Brazil,14900000.0,,1900.0,20400.0,33.0,0
460,Dave and Ava - Nursery Rhymes and Baby Songs,Dave and Ava - Nursery Rhymes and Baby Songs,,14900000.0,,906.0,212000.0,0.0,1
461,Linus Tech Tips,LinusTechTips,United States,14900000.0,,66600.0,1500000.0,3000.0,1
462,Lachlan,Lachlan,United States,14900000.0,,19900.0,420100.0,612.0,1
463,Plim Plim - Kids Songs & Episodes - Spanish,elcanaldePlimPlim,,14800000.0,,5500.0,735100.0,0.0,1
464,Daniel LaBelle,Daniel LaBelle,United States,14800000.0,,459400.0,2246412.5,2900.0,1
465,Zé Neto e Cristiano,zncoficial,Brazil,14800000.0,,3200.0,29500.0,39.0,0
466,iTownGamePlay *Terror&Diversión*,iTownGamePlay,Mexico,14800000.0,,5200.0,134500.0,291.0,1
467,les boys tv2,les boys tv2,France,14800000.0,,0.0,7400.0,0.0,0
468,NMF News,narendramodionline,India,14700000.0,,299.0,12600.0,35.0,0
469,Planeta das Gêmeas,Planeta das Gêmeas,,14700000.0,,17900.0,432200.0,57.0,1
470,News18 India,News18 India,India,14700000.0,,46.0,2700.0,2.0,0
471,TWICE,TWICE,Philippines,14700000.0,,61600.0,565900.0,500.0,1
472,IDEIAS INCRÍVEIS,IDEIAS INCRÍVEIS,Brazil,14700000.0,,257.0,13600.0,6.0,0
473,LEGENDA FUNK,LEGENDA FUNK,Brazil,14700000.0,,268.0,6700.0,9.0,0
474,Thairath Online,thairathonline,Thailand,14700000.0,,233.0,16900.0,23.0,0
475,Jorge & Mateus Oficial,jemproducoes,Brazil,14600000.0,,12800.0,1100000.0,250.0,1
476,MattyBRaps,MattyBRaps,United States,14600000.0,,15200.0,2246412.5,0.0,1
477,Bollywood Classics,BollywoodClassics,India,14600000.0,,305.0,40500.0,11.0,0
478,حقائق وأسرار,حقائق وأسرار,Egypt,14600000.0,0.0,0.0,0.0,0.0,0
479,Team Films Bhojpuri,TeamFilmsBhojpuri,India,14600000.0,,442.0,17600.0,48.0,0
480,Daftar Populer,Daftar Populer,Indonesia,14600000.0,,1900.0,99000.0,199.0,1
481,Major Lazer Official,majorlazer,United States,14600000.0,,1500.0,28700.0,95.0,0
482,Drawblogs,Drawblogs,Mexico,14600000.0,,858.0,19100.0,58.0,0
483,Maha Fun Tv,Maha Fun Tv,India,14600000.0,,1700.0,68200.0,145.0,1
484,CollegeHumor,collegehumor,United States,14600000.0,,7400.0,146000.0,817.0,1
485,Fueled By Ramen,FueledByRamen,United States,14600000.0,,2000.0,36900.0,114.0,0
486,Canal Nostalgia,Canal Nostalgia,,14600000.0,,41500.0,209800.0,286.0,1
487,Johny FamilyShow,Johny FamilyShow,,14500000.0,,303.0,88400.0,0.0,1
488,XpressTV,XpressTV,Mexico,14500000.0,,48500.0,1400000.0,556.0,1
489,Arif muhammad,Arif muhammad,Indonesia,14500000.0,,77600.0,2246412.5,3200.0,1
490,Mobile Legends: Bang Bang Official,Mobile Legends: Bang Bang Official,Indonesia,14500000.0,,3100.0,420700.0,26.0,1
491,Zach King,Zach King,United States,14500000.0,,0.0,633700.0,899.0,1
492,Fun For Kids TV - Hindi Rhymes,Fun For Kids TV - Hindi Rhymes,,14500000.0,,2900.0,522300.0,0.0,1
493,Busy Fun Ltd,Busy Fun Ltd,India,14500000.0,,35500.0,2246412.5,584.0,1
494,Boram Tube ToysReview [보람튜브 토이리뷰],Boram Tube ToysReview [보람튜브 토이리뷰],,14500000.0,,273.0,28100.0,0.0,0
495,Super Polina,Super Polina,Russia,14500000.0,,61.0,8900.0,0.0,0
496,Martin Garrix,MartinGarrix,United States,14400000.0,,5100.0,54000.0,103.0,1
497,The Slow Mo Guys,theslowmoguys,United States,14400000.0,,62900.0,946900.0,2800.0,1
498,It's Mamix,It's Mamix,Russia,14400000.0,,0.0,2246412.5,5200.0,1
499,Chad Wild Clay,chadwildclay,United States,14400000.0,,38200.0,2200000.0,6500.0,1
500,Gyan Gamingㅤ,Gyan Gamingㅤ,India,14400000.0,,38600.0,371800.0,863.0,1
501,Unspeakable,Unspeakable,United States,14400000.0,,62700.0,2246412.5,7200.0,1
502,Totoy kids - Español,Totoy kids - Español,,14400000.0,,3400.0,731300.0,0.0,1
503,PlayStation,PlayStation,United States,14400000.0,,1400.0,43800.0,158.0,0
504,Genierock,Genierock,Thailand,14400000.0,,988.0,100700.0,64.0,1
505,CoryxKenshin,CoryxKenshin,United States,14400000.0,,528300.0,2246412.5,34100.0,1
506,Aphmau,ChallengeAcceptedInc,United States,14300000.0,,59800.0,2246412.5,4400.0,1
507,ABS-CBN News,TheABSCBNNews,Philippines,14300000.0,,50.0,5400.0,4.0,0
508,Mohamed Ramadan I محمد رمضان,MRamadanOfficial,Egypt,14200000.0,,59400.0,2246412.5,4100.0,1
509,Zach Choi ASMR,Zach Choi ASMR,United States,14200000.0,,11000.0,166700.0,114.0,1
510,Camila Loures,camilaloures,Brazil,14200000.0,,18800.0,239900.0,325.0,1
511,Anasala I أنس و أصالة,Anasala I أنس و أصالة,Egypt,14200000.0,,194200.0,2246412.5,7700.0,1
512,CNN,CNN,United States,14200000.0,,4700.0,323200.0,4200.0,1
513,Gulshan Kalra,Gulshan Kalra,India,14200000.0,,477600.0,2246412.5,561.0,1
514,Taarak Mehta Ka Ooltah Chashmah,Taarak Mehta Ka Ooltah Chashmah,India,14200000.0,,5700.0,348000.0,88.0,1
515,UFC - Ultimate Fighting Championship,UFC,United States,14200000.0,,3000.0,135800.0,301.0,1
516,Trap City,OfficialTrapCity,United States,14200000.0,,1800.0,35500.0,76.0,0
517,O Canal do Joãozinho - Little Angel Português,O Canal do Joãozinho - Little Angel Português,,14200000.0,,3500.0,764100.0,0.0,1
518,Daily Dose Of Internet,Daily Dose Of Internet,United States,14100000.0,,249500.0,2246412.5,9800.0,1
519,#Refugio Mental,#Refugio Mental,Argentina,14100000.0,,6600.0,566800.0,80.0,1
520,A2 Motivation by {Arvind Arora},A2 Motivation by {Arvind Arora},India,14100000.0,,47100.0,342100.0,208.0,1
521,EdisonPts,EdisonPts,Russia,14100000.0,,144900.0,2000000.0,6900.0,1
522,Трум Трум,Трум Трум,,14100000.0,,2900.0,237200.0,104.0,1
523,DM - Desi Melodies,DM - Desi Melodies,India,14000000.0,,321100.0,2246412.5,18600.0,1
524,Saad Lamjarred | سعد لمجرد,SaadLamjarredTV,Morocco,14000000.0,,74700.0,2000000.0,8400.0,1
525,F2Freestylers - Ultimate Soccer Skills Channel,F2Freestylers,United Kingdom,14000000.0,,0.0,957600.0,328.0,1
526,Blippi Español,Blippi Español,,14000000.0,,1700.0,485600.0,0.0,1
527,Doc Tops,Doc Tops,Mexico,14000000.0,,58600.0,1300000.0,805.0,1
528,AM3NlC,AM3NlC,Brazil,14000000.0,,19900.0,190600.0,276.0,1
529,FC Barcelona,fcbarcelona,United States,14000000.0,,14000.0,224700.0,262.0,1
530,Мастерская Настроения,MasterskayaNastroeny,Russia,14000000.0,,10400.0,408900.0,209.0,1
531,Bie The Ska,bomberball,Thailand,14000000.0,,12200.0,384500.0,265.0,1
532,Auron,Auron,Mexico,14000000.0,,112600.0,2000000.0,1800.0,1
533,NikkieTutorials,NikkieTutorials,United States,14000000.0,,165300.0,1700000.0,752.0,1
534,Mis Pastelitos,mispastelitosyoutub,Mexico,13900000.0,,33400.0,864600.0,1200.0,1
535,Mazhavil Manorama,MazhavilManorama,India,13800000.0,,106.0,9600.0,4.0,0
536,Rosanna Pansino,RosannaPansino,United States,13800000.0,,8800.0,206300.0,224.0,1
537,MNCTV OFFICIAL,MNCTVOfficial,Indonesia,13800000.0,,40.0,2000.0,1.0,0
538,Hongyu ASMR 홍유,Hongyu ASMR 홍유,United States,13800000.0,,8900.0,666700.0,258.0,1
539,Kuplinov ► Play,Kuplinov ► Play,Russia,13800000.0,,83600.0,1300000.0,2300.0,1
540,MY FAMILY,MY FAMILY,India,13800000.0,,14200.0,2246412.5,220.0,1
541,CrashCourse,crashcourse,United States,13800000.0,,1800.0,48600.0,65.0,0
542,SMOL,SMOL,United States,13800000.0,,16300.0,359400.0,18.0,1
543,ADEL et SAMI,ADEL et SAMI,France,13800000.0,,487.0,63300.0,0.0,1
544,MSA previously My Story Animated,MSA previously My Story Animated,United States,13800000.0,,200400.0,2246412.5,6700.0,1
545,Jake Fellman,Jake Fellman,United States,13800000.0,,9100.0,216500.0,44.0,1
546,TazerCraft,TazerCraft,Brazil,13800000.0,,27000.0,462400.0,493.0,1
547,MAIKI021,MAIKI021,Brazil,13800000.0,,3700.0,30200.0,75.0,0
548,NOBRU,NOBRU,Brazil,13800000.0,,21800.0,146400.0,174.0,1
549,DangMattSmith,dangmattsmith,,13700000.0,,4200.0,114300.0,436.0,1
550,Wengie,WWWengie,United States,13700000.0,,3500.0,74500.0,270.0,1
551,Zig & Sharko,Zig & Sharko,,13700000.0,,2900.0,387500.0,0.0,1
552,Aadishakti Films,Aadishakti Films,,13700000.0,,2800.0,61100.0,231.0,1
553,Lyna,SrtaLynaV,Mexico,13700000.0,,23700.0,458200.0,1400.0,1
554,5-Minute Crafts Recycle,5-Minute Crafts Recycle,India,13600000.0,,323.0,38500.0,11.0,0
555,Vlad and Niki ESP,Vlad and Niki ESP,,13600000.0,,2900.0,621800.0,0.0,1
556,Harry Styles,Harry Styles,United States,13600000.0,0.0,0.0,0.0,0.0,0
557,Vlad and Niki ARA,Vlad and Niki ARA,,13600000.0,,2900.0,381400.0,0.0,1
558,Neha Kakkar,NehaKakkarOfficial,India,13600000.0,,8300.0,130500.0,133.0,1
559,ABC News,ABCNews,United States,13600000.0,,148.0,12500.0,116.0,0
560,Narins Beauty,Narins Beauty,Iraq,13600000.0,,224400.0,2246412.5,12200.0,1
561,Telemundo,telemundotv,Argentina,13600000.0,,2400.0,72200.0,156.0,1
562,TV Ana Emilia,TV Ana Emilia,Mexico,13600000.0,,11400.0,264900.0,1200.0,1
563,YOLO,YOLO,Mexico,13600000.0,,87400.0,1100000.0,1200.0,1
564,The World Adventures हिन्दी,The World Adventures हिन्दी,,13500000.0,,996.0,17100.0,33.0,0
565,ZEE5,ZEE5,India,13500000.0,394.0,6.0,394.0,0.0,0
566,Wesley Safadão,bandagarotasafada,Brazil,13500000.0,,1800.0,30400.0,36.0,0
567,PlayHard,boplayhard,Brazil,13500000.0,,67800.0,458500.0,114.0,1
568,Online Job,Online Job,India,13500000.0,,203.0,7900.0,38.0,0
569,Lindsey Stirling,lindseystomp,United States,13500000.0,,20100.0,241100.0,994.0,1
570,Wish 107.5,Wish 107.5,Philippines,13500000.0,,4000.0,178200.0,331.0,1
571,Kurt Hugo Schneider,Kurt Hugo Schneider,United States,13400000.0,,2600.0,859600.0,77.0,1
572,FAPTV,FAPtivi,United States,13400000.0,,0.0,2246412.5,1200.0,1
573,How Ridiculous,whoisjimmy,United States,13400000.0,,52300.0,1300000.0,2300.0,1
574,Gallina Pintadita,GallinaPintadita,,13400000.0,,1500.0,297000.0,0.0,1
575,H2ODelirious,H2ODelirious,United States,13400000.0,,6200.0,113300.0,217.0,1
576,123 GO! Spanish,123 GO! Spanish,Mexico,13400000.0,,5500.0,475200.0,75.0,1
577,Atlantic Records,AtlanticVideos,United States,13400000.0,,422.0,9200.0,11.0,0
578,PrestonPlayz,PrestonPlayz,United States,13400000.0,,44000.0,1200000.0,1400.0,1
579,MyMissAnand,MyMissAnand,India,13300000.0,,49300.0,1500000.0,428.0,1
580,Anaysa,iloveindianmakeup,India,13300000.0,,24300.0,835100.0,707.0,1
581,Infobells Bangla,Infobells Bangla,,13200000.0,,2500.0,466400.0,0.0,1
582,ETV Jabardasth,ETV Jabardasth,India,13200000.0,,1800.0,106400.0,38.0,1
583,SRK MUSIC,SRKASSAMESE,India,13200000.0,,13800.0,317400.0,542.0,1
584,Desi Gamers,Desi Gamers,India,13200000.0,,89800.0,664200.0,4000.0,1
585,Coke Studio,Coke Studio,Pakistan,13200000.0,,17500.0,1900000.0,446.0,1
586,Like Nastya Stories,Like Nastya Stories,,13200000.0,,1100.0,145200.0,0.0,1
587,Shorts Break,Shorts Break,India,13200000.0,,810600.0,2246412.5,942.0,1
588,O Reino Infantil,OReinho,,13200000.0,,465.0,94500.0,0.0,1
589,theRadBrad,theRadBrad,United States,13200000.0,,5900.0,139200.0,484.0,1
590,The LaBrant Fam,The LaBrant Fam,United States,13200000.0,,26400.0,934100.0,0.0,1
591,Поззи,PozzitifonShow,Russia,13200000.0,,34200.0,898600.0,2600.0,1
592,The Q,The Q,United States,13100000.0,,51000.0,2100000.0,2700.0,1
593,T-Series Hamaar Bhojpuri,hamaarbhojpuri,India,13100000.0,,291.0,12100.0,33.0,0
594,Alex Gonzaga Official,Alex Gonzaga Official,Philippines,13100000.0,,129800.0,2246412.5,2000.0,1
595,DALLMYD,DALLMYD,United States,13000000.0,,28200.0,464200.0,1500.0,1
596,Katakit Baby TV,HusamYK,Saudi Arabia,13000000.0,,4800.0,484400.0,0.0,1
597,PowerfulJRE,PowerfulJRE,United States,13000000.0,,33300.0,1600000.0,3700.0,1
598,Dear Sir,Dear Sir,India,13000000.0,,11400.0,162800.0,747.0,1
599,Zeinab Harake,Zeinab Harake,Philippines,13000000.0,,136600.0,2246412.5,3100.0,1
600,Ajay Sharma,Ajay Sharma,India,13000000.0,,245200.0,2246412.5,208.0,1
601,Matt Steffanina,MattSDance,United States,13000000.0,,4800.0,116600.0,50.0,1
602,NishaMadhulika,NishaMadhulika,India,13000000.0,,5100.0,191000.0,786.0,1
603,ATHLEAN-X™,JDCav24,United States,13000000.0,,29700.0,616400.0,810.0,1
604,Ray William Johnson,RayWilliamJohnson,United States,13000000.0,,338300.0,2246412.5,2800.0,1
605,The Shiny Peanut,The Shiny Peanut,Indonesia,13000000.0,,371.0,14400.0,24.0,0
606,O Que Não Dizer Oficial,O Que Não Dizer Oficial,Brazil,13000000.0,,46500.0,419900.0,535.0,1
607,twenty one pilots,twentyonepilots,United States,13000000.0,,5300.0,50500.0,137.0,1
608,BBC News,bbcnews,United Kingdom,13000000.0,,1600.0,111300.0,819.0,1
609,Typical Gamer,typicalgamer,United States,13000000.0,,10700.0,393800.0,333.0,1
610,Everson Zoio,djzoi0,Brazil,12900000.0,,71800.0,539000.0,4200.0,1
611,KOMPASTV,KompasTVNews,Indonesia,12900000.0,,73.0,8500.0,27.0,0
612,RedeTV,RedeTVhdBrasil,Brazil,12900000.0,,129.0,3600.0,4.0,0
613,MrSuicideSheep,MrSuicideSheep,United States,12800000.0,,3200.0,68400.0,68.0,1
614,Veritasium,1veritasium,United States,12800000.0,,125000.0,2246412.5,5000.0,1
615,Hacksmith,MstrJames,United States,12800000.0,,14700.0,323200.0,318.0,1
616,أترو/Atro,أترو/Atro,Iraq,12800000.0,,49700.0,413400.0,8500.0,1
617,unknown boy varun,unknown boy varun,India,12800000.0,,2100000.0,2246412.5,1800.0,1
618,Jazzghost,jazzghost1,Brazil,12800000.0,,58300.0,952500.0,1700.0,1
619,Rebecca Zamolo,rebeccazamolo1,United States,12800000.0,,67700.0,2246412.5,8700.0,1
620,Lady Diana,Lady Diana,Russia,12800000.0,,63800.0,2100000.0,2800.0,1
621,T-Series Regional,tseriesregional,India,12800000.0,,119.0,6500.0,15.0,0
622,Top Viral Talent,MusicTalentNow,United States,12800000.0,,302.0,25100.0,17.0,0
623,Crescendo com Luluca,Crescendo com Luluca,Brazil,12800000.0,,44600.0,1200000.0,4000.0,1
624,Sony Music South,Sony Music South,India,12800000.0,,8000.0,265600.0,194.0,1
625,VexTrex,VexTrex,,12800000.0,,0.0,97700.0,0.0,1
626,Goldmines Premiere,GoldClassics,,12800000.0,,145.0,7600.0,0.0,0
627,Ei Nerd,einerdtv,Brazil,12800000.0,,39100.0,284000.0,1400.0,1
628,#Refúgio Mental,#Refúgio Mental,Brazil,12800000.0,,9800.0,341700.0,89.0,1
629,ГЛЕНТ,ГЛЕНТ,Russia,12800000.0,,167200.0,1700000.0,5400.0,1
630,Disney Junior,disneyjunior,,12700000.0,,272.0,103600.0,0.0,1
631,Alan Chikin Chow,Alan Chikin Chow,India,12700000.0,,430800.0,2246412.5,611.0,1
632,StudyIQ IAS,StudyIQ IAS,India,12700000.0,,475.0,8600.0,10.0,0
633,Health Time,Health Time,India,12700000.0,,238.0,6900.0,8.0,0
634,Blossom,Blossom,United States,12700000.0,,1000.0,45800.0,11.0,0
635,BBC,BBC,United Kingdom,12600000.0,,275.0,19000.0,33.0,0
636,gymvirtual,gymvirtual,Mexico,12600000.0,,3100.0,94500.0,92.0,1
637,TKOR,1032010814,United States,12600000.0,,1500.0,62000.0,125.0,1
638,Lokdhun Punjabi,htpunjabi,India,12600000.0,0.0,0.0,0.0,0.0,0
639,BIBO와 장난감,BIBO와 장난감,,12600000.0,,0.0,51600.0,0.0,1
640,Knowledge Tv हिन्दी,Knowledge Tv हिन्दी,India,12600000.0,,2100.0,50300.0,105.0,1
641,Juliana Baltar,Juliana Baltar,Brazil,12600000.0,,15400.0,241100.0,477.0,1
642,DJ Khaled,DJ Khaled,United States,12600000.0,,14400.0,384900.0,756.0,1
643,Narendra Modi,Narendra Modi,India,12600000.0,,1200.0,26600.0,105.0,0
644,Kabita's Kitchen,Kabita's Kitchen,India,12600000.0,,7300.0,333700.0,461.0,1
645,JOJO TV - Hindi Stories,JOJO TV - Hindi Stories,India,12600000.0,,625.0,95200.0,0.0,1
646,Zee Bangla,zeebangla,India,12600000.0,,221.0,17200.0,2.0,0
647,Awakening Music,awakeningrecords,Indonesia,12600000.0,,2000.0,22500.0,97.0,0
648,Melon City Show - برنامج ولاية بطيخ,Melon City Show - برنامج ولاية بطيخ,Iraq,12600000.0,,16900.0,356800.0,241.0,1
649,Adexe & Nau,AdexeOficial,Mexico,12600000.0,,4300.0,44200.0,159.0,0
650,Parafernalha,canalparafernalha,Brazil,12600000.0,,1800.0,29200.0,11.0,0
651,JesseAndMike,JesseAndMike,United States,12600000.0,,11200.0,986200.0,261.0,1
652,karameeshchannel,karameeshchannel,Jordan,12500000.0,,2300.0,164900.0,0.0,1
653,Piuzinho,Piuzinho,Brazil,12500000.0,,126800.0,522800.0,2400.0,1
654,Brawl Stars,Brawl Stars,United States,12500000.0,,115400.0,1600000.0,5500.0,1
655,ماشا و الدب,ماشا و الدب,,12500000.0,,6800.0,1100000.0,0.0,1
656,Peppa Pig em Português Brasil - Canal Oficial,OficialPeppa,,12500000.0,,5400.0,631100.0,0.0,1
657,Blockbuster Movies,Blockbuster Movies,India,12500000.0,,3500.0,146800.0,19.0,1
658,Troom Troom India,Troom Troom India,India,12500000.0,,2400.0,269200.0,36.0,1
659,Talking Angela,TalkingAngelaCat,United States,12400000.0,,3500.0,99400.0,122.0,1
660,elliegoulding,elliegoulding,United States,12400000.0,,1300.0,16700.0,51.0,0
661,キッズライン♡Kids Line,runway19co,,12400000.0,,0.0,4600.0,0.0,0
662,People Vs Food,React,United States,12400000.0,,23000.0,637900.0,1300.0,1
663,Come Play With Me,Come Play With Me,,12400000.0,,0.0,2246412.5,0.0,1
664,Meghan Trainor,Meghan Trainor,United States,12400000.0,,1300.0,17400.0,36.0,0
665,Mythpat,Mythpat,India,12400000.0,,357300.0,2246412.5,16900.0,1
666,LOUD,LOUD,Brazil,12400000.0,,18100.0,165900.0,241.0,1
667,CaseyNeistat,caseyneistat,United States,12400000.0,,53600.0,939100.0,4200.0,1
668,Just For Laughs Gags,JustForLaughsTV,United States,12400000.0,,812.0,42400.0,32.0,0
669,Troom Troom PT,Troom Troom PT,Brazil,12400000.0,,1700.0,82300.0,61.0,1
670,Gibby :),Gibby :),Mexico,12400000.0,,59700.0,892400.0,1900.0,1
671,The Dodo,TheDodoSite,United States,12400000.0,,19100.0,471700.0,690.0,1
672,Little Baby Bum en Español,LittleBabyBumEspanol,,12400000.0,,0.0,37900.0,0.0,0
673,DisneyChannelUK,DisneyChannelUK,,12300000.0,,945.0,92600.0,0.0,1
674,My Mate Nate,My Mate Nate,Thailand,12300000.0,,42500.0,1400000.0,1000.0,1
675,Think Music India,thinkmusicindia,India,12300000.0,,2400.0,53100.0,19.0,1
676,Bispo Bruno Leonardo,Bispo Bruno Leonardo,Brazil,12300000.0,,240800.0,680900.0,186800.0,1
677,Bela Bagunça,Bela Bagunça,Brazil,12300000.0,,5700.0,125100.0,201.0,1
678,GMA News,gmanews,Philippines,12300000.0,,34.0,3000.0,5.0,0
679,HZHtube Kids Fun,HZHtube Kids Fun,,12200000.0,,2200.0,334100.0,0.0,1
680,FIFA,FIFATV,United States,12200000.0,,1400.0,31900.0,34.0,0
681,DeGoBooM,DeGoBooM,Mexico,12200000.0,,11100.0,367100.0,278.0,1
682,Geo News,geonews,Pakistan,12200000.0,,87.0,5700.0,10.0,0
683,Más SKabeche,Más SKabeche,Mexico,12200000.0,,97600.0,1500000.0,1600.0,1
684,Trakin Tech,Trakin Tech,India,12200000.0,,19700.0,337200.0,1100.0,1
685,NDTV,ndtv,India,12200000.0,,41.0,3000.0,10.0,0
686,Compot,TastyCompot,Russia,12200000.0,,47800.0,1100000.0,2100.0,1
687,Kids TV India Hindi Nursery Rhymes,kidstvindia,,12200000.0,,2100.0,328400.0,0.0,1
688,DaniRep | +6 Vídeos Diarios De GTA 5 Online!,TheDaniRep,Mexico,12200000.0,,12000.0,206200.0,155.0,1
689,Jass Records,officialjassrecords,India,12200000.0,,1100.0,24700.0,10.0,0
690,RaptorGamer,RaptorGamer,Mexico,12100000.0,,36900.0,624800.0,1000.0,1
691,Sonotek Bhakti,htbhakti,India,12100000.0,,1200.0,83800.0,43.0,1
692,Marta and Rustam,Marta and Rustam,India,12100000.0,,150600.0,2246412.5,116.0,1
693,Vogue,Americanvogue,United States,12100000.0,,13500.0,266400.0,643.0,1
694,The Infographics Show,TheInfographicsShow,United States,12100000.0,,7400.0,232200.0,440.0,1
695,Jordan Matter,jordanmatter,United States,12100000.0,,226300.0,2246412.5,21500.0,1
696,Codiscos,Codiscos,,12000000.0,,209.0,8900.0,8.0,0
697,BanderitaX,BanderitaX,Saudi Arabia,12000000.0,,122100.0,997300.0,4400.0,1
698,NORMAN FAIT DES VIDÉOS,NormanFaitDesVideos,France,12000000.0,0.0,0.0,0.0,0.0,0
699,Netflix Jr.,storybots,,12000000.0,,132.0,46200.0,0.0,0
700,Troom Troom Indonesia,Troom Troom Indonesia,Indonesia,12000000.0,,1600.0,175500.0,43.0,1
701,Ice Cream Rolls,Ice Cream Rolls,United States,12000000.0,,2100.0,66000.0,129.0,1
702,Jamuna TV,Jamuna TV,Bangladesh,12000000.0,,566.0,19400.0,48.0,0
703,Lulu99,Lulu99,Colombia,12000000.0,,71600.0,1300000.0,5100.0,1
704,CHHOTU KI MASTI,CHHOTU KI MASTI,India,12000000.0,,14000.0,1700000.0,197.0,1
705,Panda,Panda,India,12000000.0,,62500.0,754300.0,1300.0,1
706,Akshay Nagwadiya,Akshay Nagwadiya,India,12000000.0,,257900.0,2246412.5,855.0,1
707,E-MasterSensei,E-MasterSensei,Mexico,12000000.0,,65400.0,2000000.0,1300.0,1
708,Technology Gyan,Technology Gyan,India,12000000.0,,34500.0,419000.0,1700.0,1
709,Planet Earth INDIA,Planet Earth INDIA,India,12000000.0,,1700.0,53100.0,143.0,1
710,WiederDude,WiederDude,United States,12000000.0,,19900.0,1600000.0,324.0,1
711,Yair17,YairAuriazul,Mexico,12000000.0,,28800.0,239100.0,664.0,1
712,Yudist Ardhana,Yudist Ardhana,Indonesia,12000000.0,,7000.0,243400.0,255.0,1
713,Avril Lavigne,AvrilLavigne,United States,12000000.0,,11800.0,122200.0,454.0,1
714,Rauw Alejandro,Rauw Alejandro,Peru,11900000.0,0.0,0.0,0.0,0.0,0
715,Timba Vk,MrTimbaVk,Mexico,11900000.0,,48800.0,1100000.0,1100.0,1
716,Mor Haryanvi,Mor Haryanvi,India,11900000.0,,1800.0,170700.0,45.0,1
717,Kluna Tik,Kluna Tik,United States,11900000.0,,3200.0,244200.0,224.0,1
718,CNCO,CNCO,Mexico,11900000.0,,20200.0,161800.0,1000.0,1
719,TV9 Bharatvarsh,TV9 Bharatvarsh,India,11900000.0,,86.0,4400.0,3.0,0
720,Republic Bharat,Republic Bharat,India,11900000.0,,0.0,6200.0,7.0,0
721,Rubius Z,elrubius,Argentina,11900000.0,,186900.0,2246412.5,2500.0,1
722,TommyInnit,TommyInnit,United States,11800000.0,,252700.0,2246412.5,11100.0,1
723,MrGear,MrGear,United States,11800000.0,,0.0,72100.0,93.0,1
724,Tfue,TTfue,United States,11800000.0,,6100.0,140300.0,278.0,1
725,emma chamberlain,emma chamberlain,United States,11800000.0,,220900.0,2246412.5,6300.0,1
726,MORGENSHTERN,MORGENSHTERN,Russia,11800000.0,0.0,0.0,0.0,0.0,0
727,123 GO!,123 GO!,United States,11800000.0,,2900.0,374600.0,99.0,1
728,Luan Santana,luansantanaoficial,Brazil,11800000.0,,33600.0,2200000.0,1200.0,1
729,DANIEL EL TRAVIESO VIDEOS,DANIEL EL TRAVIESO VIDEOS,Colombia,11800000.0,,42200.0,865300.0,3000.0,1
730,Duo Tiempo De Sol,TiempodeSol,,11800000.0,,1100.0,122600.0,0.0,1
731,Nat and Essie,Nat and Essie,United States,11800000.0,,1300.0,54100.0,0.0,1
732,FrontaL Gaming,FrontaL Gaming,,11800000.0,,7300.0,115500.0,307.0,1
733,웃웃TwinsFromRussia,N1Noobtubers,United States,11800000.0,,5200.0,107900.0,22.0,1
734,Луномосик,Луномосик,Russia,11800000.0,,61800.0,2246412.5,1700.0,1
735,Ben Azelart,Ben Azelart,United States,11800000.0,,0.0,2246412.5,27400.0,1
736,MBC مصر,MBCMASR,Egypt,11800000.0,,25.0,1900.0,1.0,0
737,El Trece,eltreceok,,11700000.0,,23.0,2400.0,5.0,0
738,Koo Koo TV - Hindi,Koo Koo TV - Hindi,India,11700000.0,,2900.0,210500.0,71.0,1
739,办公室小野 Ms Yeah,办公室小野 Ms Yeah,United States,11700000.0,,37200.0,520200.0,37.0,1
740,TsMadaan,TsMadaan,India,11700000.0,,269.0,3500.0,8.0,0
741,infobells - Kannada,infobellskannada,,11700000.0,,987.0,179600.0,0.0,1
742,Luli Pampín,lucygerardi43,,11700000.0,,8200.0,2246412.5,0.0,1
743,YoungBoy Never Broke Again,YoungBoy Never Broke Again,United States,11700000.0,,1700.0,29800.0,95.0,0
744,Make Joke Of,Make Joke Of,India,11700000.0,,0.0,2246412.5,30600.0,1
745,Halsey,Halsey,United States,11600000.0,,10100.0,84500.0,206.0,1
746,First We Feast,FirstWeFeast,United States,11600000.0,,3700.0,167200.0,308.0,1
747,SBT,SBTonline,Brazil,11600000.0,,332.0,7800.0,3.0,0
748,Indore Physical Academy,Indore Physical Academy,India,11600000.0,,9100.0,131200.0,207.0,1
749,Garena Free Fire LATAM,Garena Free Fire LATAM,Mexico,11600000.0,,2400.0,39500.0,160.0,0
750,Spider Slack,Spider Slack,Brazil,11600000.0,,541700.0,2246412.5,614.0,1
751,Colors Rishtey,KapilComedyNights,India,11600000.0,,45.0,5000.0,2.0,0
752,Wild 'N Out,MTV2,United States,11600000.0,,5400.0,202000.0,167.0,1
753,MC Divertida,MC Divertida,,11600000.0,,2200.0,276600.0,0.0,1
754,Vy Qwaint,VyQwaint,United States,11600000.0,,30100.0,1800000.0,6100.0,1
755,LipaoGamer,FelipeViktor,Brazil,11600000.0,,9600.0,147300.0,143.0,1
756,الجانب المُشرق | Bright Side Arabic,الجانب المُشرق | Bright Side Arabic,Egypt,11500000.0,,799.0,27100.0,52.0,0
757,GoldminesAction,GoldminesAction,,11500000.0,,207.0,17000.0,0.0,0
758,Black Eyed Peas,blackeyedpeasvideo,United States,11500000.0,,1300.0,28000.0,107.0,0
759,Pragati Verma Shorts,Pragati Verma Shorts,India,11500000.0,,54900.0,439600.0,513.0,1
760,Lofi Girl,Lofi Girl,United States,11400000.0,,5100.0,134800.0,204.0,1
761,Biper y sus Amigos,Biperysusamigos,,11400000.0,,0.0,144700.0,0.0,1
762,Maymo,crackrockcandy,United States,11400000.0,,1100.0,275100.0,48.0,1
763,Quantum Tech HD,Quantum Tech HD,United States,11400000.0,,7300.0,1700000.0,144.0,1
764,Tiana,Tiana,United Kingdom,11400000.0,,11300.0,419200.0,916.0,1
765,Annoying Orange,realannoyingorange,United States,11400000.0,,4700.0,161000.0,497.0,1
766,Mrwhosetheboss,Mrwhosetheboss,United States,11400000.0,,273200.0,2246412.5,9200.0,1
767,Маша та Ведмідь,MashaBearUkraine,,11400000.0,,867.0,184900.0,0.0,1
768,BBC Earth,BBCEarth,United States,11400000.0,,1200.0,51600.0,76.0,1
769,ExpCaseros,ExpCaseros,Spain,11400000.0,,1700.0,76400.0,159.0,1
770,CrazyRussianHacker,CrazyRussianHacker,United States,11400000.0,,1800.0,48700.0,85.0,0
771,Single Track Studio,hawkrecord,India,11400000.0,,34800.0,1600000.0,1000.0,1
772,Yoga With Adriene,yogawithadriene,United States,11400000.0,,9600.0,234600.0,1600.0,1
773,UnspeakableReacts,UnspeakableGaming,United States,11400000.0,0.0,0.0,0.0,0.0,0
774,SonyLIV,sonyliv,India,11400000.0,,377.0,29300.0,13.0,0
775,Влад и Никита,Влад и Никита,,11400000.0,,3000.0,836400.0,0.0,1
776,Franco Escamilla,francoescamilla,Mexico,11400000.0,,15300.0,532400.0,313.0,1
777,CaptainSparklez,CaptainSparklez,United States,11400000.0,,7300.0,84700.0,357.0,1
778,CarryisLive,CarryisLive,India,11400000.0,,68200.0,753300.0,362.0,1
779,luzugames,luzugames,Mexico,11400000.0,,13800.0,121300.0,171.0,1
780,Pastor Antônio Júnior,prantoniojunior,Brazil,11400000.0,,74800.0,328700.0,7100.0,1
781,MyLifeAsEva,mylifeaseva,United States,11400000.0,0.0,0.0,0.0,0.0,0
782,penguinz0,penguinz0,United States,11400000.0,,80100.0,1700000.0,4900.0,1
783,POCOYÓ en ESPAÑOL - Canal Oficial,pocoyotv,,11400000.0,,1200.0,357600.0,0.0,1
784,Diana and Roma IND,Diana and Roma IND,,11400000.0,,1800.0,401600.0,0.0,1
785,Star Casablanca | نجوم الدار البيضاء,Star Casablanca | نجوم الدار البيضاء,Iraq,11400000.0,,594.0,13700.0,35.0,0
786,Kendrick Lamar,Kendrick Lamar,United States,11400000.0,0.0,0.0,0.0,0.0,0
787,Vlad and Niki PRT,Vlad and Niki PRT,,11400000.0,,0.0,586900.0,0.0,1
788,Ya - Alisa,Ya - Alisa,,11300000.0,,25.0,3400.0,0.0,0
789,The Viral Fever,TheViralFeverVideos,India,11300000.0,,28900.0,312300.0,476.0,1
790,AlArabiya العربية,AlArabiya,Algeria,11300000.0,,50.0,2600.0,9.0,0
791,Danny Fitt,Danny Fitt,Mexico,11300000.0,,62700.0,711100.0,289.0,1
792,ToysPlay,ToysPlay,,11300000.0,,1200.0,118300.0,0.0,1
793,BakLol Video,BakLol Video,India,11300000.0,,15000.0,935200.0,915.0,1
794,Avocado Couple I Crazy Comics,Avocado Couple I Crazy Comics,United States,11300000.0,,1200.0,138200.0,53.0,1
795,Fortnite,epicfortnite,United States,11200000.0,,8400.0,169300.0,343.0,1
796,Genius,RapGeniusVideo,United States,11200000.0,,2700.0,43600.0,132.0,0
797,The Film Theorists,FilmTheorists,United States,11200000.0,,156600.0,2246412.5,7400.0,1
798,Cut,watchcut,United States,11200000.0,,12700.0,532500.0,688.0,1
799,"Sen, Momo, Ai & Shii's Channel",oyabakatousan,Japan,11200000.0,,220.0,85000.0,2.0,1
800,Morphle TV,Morphle TV,,11200000.0,,0.0,190400.0,0.0,1
801,bharatzkitchen HINDI,bharatzkitchen HINDI,India,11200000.0,,6900.0,257600.0,241.0,1
802,Magic Five,Magic Five,Russia,11200000.0,,27400.0,460500.0,2500.0,1
803,Flowers Comedy,Flowers Comedy,India,11200000.0,,1300.0,91700.0,118.0,1
804,Acenix,Acenix,Mexico,11200000.0,0.0,0.0,0.0,0.0,0
805,Pari's Lifestyle,Pari's Lifestyle,India,11200000.0,,14000.0,1100000.0,331.0,1
806,HellomaphieMX,HellomaphieMX,Mexico,11200000.0,,45300.0,718900.0,123.0,1
807,Mo Vlogs,Mo Vlogs,India,11200000.0,,14700.0,337500.0,2000.0,1
808,Inside Edition,cbstvdinsideedition,United States,11200000.0,,4600.0,179300.0,645.0,1
809,Virgínia Fonseca,Virgínia Fonseca,Brazil,11200000.0,,40700.0,528200.0,760.0,1
810,Flamingo,Flamingo,United States,11200000.0,,70500.0,2200000.0,9500.0,1
811,Taylor RS,Taylor RS,United States,11200000.0,,1600.0,75700.0,5.0,1
812,Tyga,TygaTygaTV,United States,11200000.0,,288500.0,2246412.5,7000.0,1
813,Comedy Central,comedycentral,United States,11200000.0,,1100.0,35500.0,48.0,0
814,Chotoonz TV - Funny Cartoons for Kids,chotoonz,,11200000.0,,0.0,36300.0,0.0,0
815,Viih Tube,viihtubeoficial,Brazil,11100000.0,,2800.0,78900.0,104.0,1
816,OGGY,OGGY,,11100000.0,,2600.0,297300.0,0.0,1
817,DemolitionRanch,DemolitionRanch,United States,11000000.0,,75900.0,1600000.0,8800.0,1
818,Barbie,barbie,,11000000.0,,1100.0,158700.0,0.0,1
819,핑크퐁 (인기 동요・동화),pinkfongko,Algeria,11000000.0,,140.0,55400.0,0.0,1
820,ExplosmEntertainment,ExplosmEntertainment,United States,11000000.0,,18400.0,278700.0,235.0,1
821,Coisa de Nerd,coisadenerd,Brazil,11000000.0,,70800.0,588300.0,1200.0,1
822,Hueva,XHuevaX,Mexico,11000000.0,,16300.0,656900.0,407.0,1
823,Emily Tube,Emily Tube,,11000000.0,,14.0,75400.0,0.0,1
824,TrapMusicHDTV,TrapMusicHDTV,United States,11000000.0,0.0,0.0,0.0,0.0,0
825,Oum Walid,Oum Walid,Algeria,11000000.0,,19200.0,308900.0,1500.0,1
826,Levinho,Levinho,India,11000000.0,,20300.0,225200.0,592.0,1
827,TWO SIDE GAMERS,TWO SIDE GAMERS,India,11000000.0,,58800.0,724200.0,3300.0,1
828,IShowSpeed,IShowSpeed,United States,11000000.0,,73000.0,1800000.0,3500.0,1
829,RS 1313 SHORTS,RS 1313 SHORTS,India,11000000.0,,13000.0,253300.0,28.0,1
830,JP Plays,jpgameplayfull,Brazil,11000000.0,,8900.0,190500.0,132.0,1
831,Telugu Filmnagar,telugufilmnagar,India,11000000.0,,61.0,3500.0,2.0,0
832,Kênh Thiếu Nhi - BHMEDIA,doctruyencotich,United States,11000000.0,,62.0,17000.0,0.0,0
833,Rachit Rojha,Rachit Rojha,India,11000000.0,,108200.0,2246412.5,5500.0,1
834,BIBO и Игрушки,BIBO и Игрушки,,11000000.0,0.0,0.0,0.0,0.0,0
835,HikakinTV,HikakinTV,Japan,11000000.0,,73900.0,2246412.5,5100.0,1
836,Slogo,Slogomanify,United States,11000000.0,,13700.0,377400.0,590.0,1
837,SagaHits,sagahits,India,10900000.0,,1300.0,28100.0,84.0,0
838,Games EduUu,GamesEduUu,Brazil,10900000.0,,190500.0,1500000.0,5000.0,1
839,OYUNCAKOYNUYORUM,OYUNCAKOYNUYORUM,,10900000.0,,850.0,198000.0,0.0,1
840,NEXT9NEWS हर खबर आप तक,NEXT9NEWS हर खबर आप तक,India,10900000.0,,37.0,5000.0,2.0,0
841,Juanpa Zurita,Juanpa Zurita,Mexico,10900000.0,,28200.0,454600.0,883.0,1
842,Jessica Jane,Jessica Jane,Indonesia,10900000.0,,39300.0,1200000.0,861.0,1
843,AlJazeera Channel قناة الجزيرة,aljazeerachannel,Morocco,10900000.0,,112.0,7800.0,35.0,0
844,Mundo Bita,mrplotvideos,,10900000.0,,876.0,203400.0,0.0,1
845,Dobre Brothers,Dobre Brothers,United States,10900000.0,,18500.0,457900.0,409.0,1
846,Vox,Vox,United States,10800000.0,,14200.0,334600.0,544.0,1
847,Miranda Sings,mirandasings08,United States,10800000.0,,11200.0,246500.0,818.0,1
848,قناة وناسة -  Wanasah TV,قناة وناسة -  Wanasah TV,,10800000.0,,11200.0,2000000.0,0.0,1
849,Experienced Mojaraba TV,Experienced Mojaraba TV,United States,10800000.0,,581.0,22200.0,9.0,0
850,Pen Multiplex,Pen Multiplex,India,10800000.0,,69.0,8000.0,4.0,0
851,Videogyan Nursery Rhymes - Kids Songs & Cartoons,videogyan,,10800000.0,,158.0,39200.0,0.0,0
852,Troom Troom Arabic,Troom Troom Arabic,Egypt,10800000.0,,6000.0,306600.0,264.0,1
853,Zee Tamil,zeetamil,India,10800000.0,,164.0,12800.0,2.0,0
854,Milena Stepanienco - MILENINHA,Milena Stepanienco - MILENINHA,Brazil,10800000.0,,10600.0,1700000.0,0.0,1
855,Wamindia Movies,WAMIndiaMovies,India,10800000.0,,2500.0,157800.0,46.0,1
856,Golemcito Games,Golemcito Games,Peru,10800000.0,,174100.0,1500000.0,3600.0,1
857,Deji,ComedyShortsGamer,United Kingdom,10800000.0,,278800.0,2246412.5,18100.0,1
858,BE AMAZED,BE AMAZED,United States,10800000.0,,10300.0,408600.0,650.0,1
859,Heidi y Zidane en español,Heidi y Zidane en español,,10800000.0,,1100.0,250700.0,0.0,1
860,Captain Watch Hits,Captain Watch Hits,India,10800000.0,,75.0,11200.0,3.0,0
861,Nirahua Music World,NirahuaMusic,India,10700000.0,,17400.0,893600.0,626.0,1
862,Ceylin - H Official,Ceylin - H Official,Turkey,10700000.0,,0.0,12800.0,0.0,0
863,RDC Gujarati,RDCGujarati,India,10700000.0,,417.0,14400.0,18.0,0
864,Primitive Technology,Primitive Technology,United States,10700000.0,0.0,0.0,0.0,0.0,0
865,Goldmines Housefull,Goldmines Housefull,,10700000.0,,0.0,12200.0,0.0,0
866,HISTORY,historychannel,United States,10700000.0,,4000.0,189100.0,392.0,1
867,Zee Kids,zeeqindia,,10700000.0,,75.0,10400.0,0.0,0
868,СТС,ctctv,Russia,10700000.0,,1300.0,178600.0,41.0,1
869,stampylonghead,stampylonghead,United States,10700000.0,,6100.0,119200.0,1200.0,1
870,Kids smile TV,Kids smile TV,,10700000.0,,0.0,268900.0,0.0,1
871,KiKiDo,KiKiDo,Russia,10700000.0,,72400.0,2246412.5,6400.0,1
872,ChuChuTV Hindi,ChuChuTV Hindi,,10600000.0,,1200.0,168500.0,0.0,1
873,Jesse,PrankvsPrank,United States,10600000.0,,2000.0,49000.0,325.0,0
874,Caso Cerrado,Caso Cerrado,Mexico,10600000.0,,5200.0,562100.0,177.0,1
875,Franciny Ehlke,francinyehlke,Brazil,10600000.0,,96500.0,876200.0,1700.0,1
876,Red Bull,redbull,United States,10600000.0,,7300.0,290200.0,240.0,1
877,Rathore Cassettes,rathorvideo,India,10600000.0,,120.0,8400.0,9.0,0
878,Chill Nation,ChillStepNation,United States,10600000.0,,914.0,35500.0,38.0,0
879,GoPro,GoProCamera,United States,10600000.0,,2100.0,52900.0,71.0,1
880,TikTak Draw,TikTak Draw,Mexico,10600000.0,,6600.0,107500.0,321.0,1
881,Gustavo Paródias,MrGustavoParodias,Brazil,10600000.0,,20900.0,198600.0,56.0,1
882,Google,Google,United States,10600000.0,,105.0,5500.0,12.0,0
883,Cong TV,lincolnvelasquez,Philippines,10600000.0,,180300.0,2246412.5,5100.0,1
884,AdamThomasMoran,AdamThomasMoran,Russia,10600000.0,,46800.0,577900.0,2300.0,1
885,Joe HaTTab,Joe HaTTab,Somalia,10600000.0,,123700.0,2000000.0,4400.0,1
886,Peppa Pig Hindi,Peppa Pig Hindi,,10600000.0,,4900.0,762100.0,0.0,1
887,Matheus e Kauan,MeKcanal,Brazil,10600000.0,,405.0,5800.0,3.0,0
888,NASA,NASAtelevision,United States,10600000.0,,6100.0,182500.0,0.0,1
889,The Noite com Danilo Gentili,sbtthenoite,Brazil,10600000.0,,537.0,11100.0,25.0,0
890,Lucas Rangel,rangeldovine,Brazil,10600000.0,,26900.0,288700.0,528.0,1
891,Craftingeek,craftingeek,Mexico,10600000.0,,2400.0,111500.0,202.0,1
892,"Baby Big Mouth Kids - Sing, Dance, Explore","Baby Big Mouth Kids - Sing, Dance, Explore",,10600000.0,716.0,6.0,716.0,0.0,0
893,SmarterEveryDay,destinws2,United States,10600000.0,,0.0,1600000.0,6500.0,1
894,Pinkfong en español - Canciones Infantiles,Pinkfong en español - Canciones Infantiles,,10600000.0,,213.0,96700.0,0.0,1
895,As/Is,BuzzFeedYellow,United States,10600000.0,,527.0,16700.0,18.0,0
896,Stone Music Entertainment,CJENMMUSIC,United States,10600000.0,,382.0,4900.0,17.0,0
897,MTV,MTV,United States,10600000.0,,9200.0,395900.0,433.0,1
898,DuDuPopTOY,DuDuPopTOY,,10500000.0,,70.0,7200.0,0.0,0
899,Cris Devil Gamer,Cris Devil Gamer,United States,10500000.0,,24000.0,779200.0,615.0,1
900,Magnet World,soicon295,United States,10500000.0,,401.0,56600.0,11.0,1
901,Guns N' Roses,Guns N' Roses,Brazil,10500000.0,,9700.0,134300.0,249.0,1
902,fouseyTUBE,fouseyTUBE,United States,10500000.0,,2600.0,122800.0,302.0,1
903,Tanner Fox,MTflims,,10500000.0,,7000.0,140400.0,521.0,1
904,Playing with Rafael,Playing with Rafael,Brazil,10500000.0,,1400.0,59000.0,0.0,1
905,설기양SULGI,설기양SULGI,United States,10500000.0,,22200.0,955600.0,673.0,1
906,Rawan and Rayan,Rawan and Rayan,Algeria,10500000.0,,70800.0,1000000.0,4200.0,1
907,Hindi Fairy Tales,Hindi Fairy Tales,India,10500000.0,,10500.0,788200.0,250.0,1
908,TwinRoozi 쌍둥이 루지,TwinRoozi 쌍둥이 루지,Indonesia,10400000.0,,0.0,104200.0,0.0,1
909,How It Should Have Ended,HISHEdotcom,United States,10400000.0,,8500.0,117700.0,121.0,1
910,"SaraBeautyCorner - DIY, Comedy, Makeup, Nail Art",SaraBeautyCorner,United States,10400000.0,,2000.0,31600.0,43.0,0
911,Tomorrowland,TomorrowlandChannel,Brazil,10400000.0,,1500.0,54700.0,82.0,1
912,Toymong tv 토이몽TV,Toymong tv 토이몽TV,,10400000.0,,210.0,27100.0,0.0,0
913,Hindi Kahaniya,Hindi Kahaniya,India,10400000.0,,836.0,56100.0,21.0,1
914,Stray Kids,Stray Kids,United States,10400000.0,,141500.0,1100000.0,3800.0,1
915,Sadhguru,sadhguru,India,10400000.0,,6300.0,134900.0,231.0,1
916,tomiii 11,tomiii 11,Mexico,10400000.0,,6700.0,74100.0,600.0,1
917,5-Minute Crafts LIKE,5-Minute Crafts LIKE,United States,10400000.0,,140.0,13300.0,4.0,0
918,LA DIVAZA,LA DIVAZA,Mexico,10400000.0,,79700.0,1000000.0,6500.0,1
919,atv,atv,Turkey,10400000.0,,116.0,11000.0,7.0,0
920,GNP Music,GemaNadaPertiwi,Indonesia,10400000.0,,1300.0,57900.0,0.0,1
921,Sanjoy Das Official,Sanjoy Das Official,India,10400000.0,,24900.0,146600.0,488.0,1
922,Lorrayne Oliveira,Lorrayne Oliveira,Brazil,10400000.0,,28000.0,573400.0,1100.0,1
923,Times Music,timesmusicindia,India,10400000.0,,10000.0,665100.0,620.0,1
924,Mussoumano,mamilosmolengas,Brazil,10400000.0,,58500.0,1400000.0,3200.0,1
925,AsapSCIENCE,AsapSCIENCE,United States,10400000.0,,29200.0,584600.0,662.0,1
926,BBC News عربي,BBCArabicNews,Morocco,10400000.0,,517.0,34400.0,121.0,0
927,Comedy Captain,Comedy Captain,India,10400000.0,,122.0,13300.0,4.0,0
928,はじめしゃちょー（hajime）,0214mex,Japan,10400000.0,,43800.0,1700000.0,1800.0,1
929,Heroine Movies 2022,Heroine Movies 2022,India,10300000.0,,1500.0,248000.0,20.0,1
930,Laurinha e Helena - Clubinho da Laura,JessicaJulioeBaby,Brazil,10300000.0,,3200.0,157600.0,0.0,1
931,Talent Recap,Talent Recap,United States,10300000.0,,558.0,74800.0,60.0,1
932,Red Chillies Entertainment,ChennaiExp2013,India,10300000.0,,885.0,71500.0,23.0,1
933,Patty Mayo,Patty Mayo,United States,10300000.0,,27100.0,737500.0,1200.0,1
934,Sing King,singkingkaraoke,United States,10300000.0,,206.0,13400.0,13.0,0
935,PineappleStormTV,PineappleStormTV,Brazil,10200000.0,,61000.0,954200.0,2100.0,1
936,[햄지]Hamzy,[햄지]Hamzy,United States,10200000.0,,40900.0,1900000.0,1000.0,1
937,Receitas de Pai,Receitas de Pai,Brazil,10200000.0,,10400.0,92100.0,312.0,1
938,5-Minute Recipes,5-Minute Recipes,India,10200000.0,,414.0,38200.0,12.0,0
939,Hindi Countdown,Hindi Countdown,India,10200000.0,,46100.0,1300000.0,1200.0,1
940,Sab Kuchh Sekho Jano,Sab Kuchh Sekho Jano,India,10200000.0,,1000.0,15200.0,36.0,0
941,Dalas Review,DalasReview,Mexico,10200000.0,,47600.0,568800.0,8700.0,1
942,T-STUDIO,T-STUDIO,Indonesia,10200000.0,,851.0,28400.0,1.0,0
943,João Caetano,BrPVPHu3,Brazil,10200000.0,,40100.0,486500.0,464.0,1
944,Viki Show,Viki Show,Russia,10200000.0,,38700.0,1100000.0,1900.0,1
945,Wylsacom,Wylsacom,Russia,10200000.0,,17500.0,403700.0,778.0,1
946,DRJ Records Specials,DRJ Records Specials,India,10200000.0,,123.0,21500.0,4.0,0
947,Miniminter,miniminter,United Kingdom,10200000.0,,77100.0,1200000.0,1300.0,1
948,Dynamo Gaming,Dynamo Gaming,India,10200000.0,,22900.0,210200.0,148.0,1
949,CS Bisht Vines,CS Bisht Vines,India,10200000.0,,25900.0,2246412.5,752.0,1
950,Survival Builder,Survival Builder,United States,10200000.0,,2200.0,147500.0,120.0,1
951,서은일상이야기,서은일상이야기,,10200000.0,,148.0,19700.0,0.0,0
952,hasanjr11,hasanjr11,Indonesia,10200000.0,,26500.0,656900.0,2600.0,1
953,Islam Populer,Islam Populer,Indonesia,10200000.0,,998.0,33100.0,129.0,0
954,Теремок ТВ,TeremokTV,,10200000.0,,845.0,100000.0,0.0,1
955,Family Box,Family Box,Russia,10200000.0,,13400.0,522200.0,208.0,1
956,вДудь,вДудь,Russia,10200000.0,0.0,0.0,0.0,0.0,0
957,The Daily Show with Trevor Noah,The Daily Show with Trevor Noah,United States,10200000.0,,9800.0,261500.0,439.0,1
958,Doctor Mike,Doctor Mike,United States,10100000.0,,68700.0,1600000.0,3700.0,1
959,Beast Philanthropy,Beast Philanthropy,United States,10100000.0,,504700.0,2246412.5,23600.0,1
960,Shemaroo Bhakti,bhaktisongs,India,10100000.0,,173.0,8600.0,17.0,0
961,Oneindia Hindi | वनइंडिया हिंदी,Oneindia Hindi | वनइंडिया हिंदी,India,10100000.0,,27.0,2600.0,2.0,0
962,OneRepublic,OneRepublic,United States,10100000.0,,29900.0,512200.0,340.0,1
963,truly,barcroftmedia,United States,10100000.0,,0.0,21700.0,111.0,0
964,Jugnu Kids - Nursery Rhymes and Best Baby Songs,Jugnu Kids - Nursery Rhymes and Best Baby Songs,,10000000.0,,1700.0,229900.0,0.0,1
965,ChuChuTV Español,ChuChuTV Español,,10000000.0,,248.0,48000.0,0.0,0
966,Теремок - Песенки для детей,TeremokSongs,Russia,10000000.0,,576.0,110600.0,0.0,1
967,VitalyzdTv,VitalyzdTv,United States,10000000.0,,3700.0,112300.0,574.0,1
968,EugenBro,EugenBro,Russia,10000000.0,,19500.0,387900.0,2000.0,1
969,Nickelodeon,Nickelodeon,,10000000.0,,503.0,46400.0,0.0,0
970,UTKARSH CLASSES JODHPUR,UTKARSH CLASSES JODHPUR,India,10000000.0,,11000.0,150800.0,430.0,1
971,BERTH-OH,BERTH-OH,Mexico,10000000.0,,24200.0,770900.0,442.0,1
972,RUOK,RUOK,Brazil,10000000.0,,43600.0,389900.0,2300.0,1
973,Vie Channel - HTV2,htv2channel,United States,10000000.0,,682.0,70200.0,42.0,1
974,Orkun Işıtmak,ThePersica,Turkey,10000000.0,,69300.0,1700000.0,2900.0,1
975,123 GO! Hindi,123 GO! Hindi,India,10000000.0,,5700.0,737700.0,48.0,1
976,Family Fun Pack,familyfunpack,United States,10000000.0,,2200.0,125300.0,130.0,1
977,Netflix Latinoamérica,Netflix Latinoamérica,,10000000.0,,551.0,18300.0,38.0,0
978,مصطفى GAME OVER,مصطفى GAME OVER,Iraq,10000000.0,,73900.0,625800.0,3200.0,1
979,Little Angel Bahasa Indonesia - Lagu Anak,Little Angel Bahasa Indonesia - Lagu Anak,,10000000.0,,4100.0,662900.0,0.0,1
980,VYRLOriginals,VYRLOriginals,India,10000000.0,,6100.0,152900.0,253.0,1
981,Mari Maria,makebymarimaria,Brazil,10000000.0,,4500.0,78700.0,170.0,1
982,Eagle Home Entertainments,Eagle Home Entertainments,India,10000000.0,,11.0,1400.0,0.0,0
983,SULE PRODUCTIONS,SULE PRODUCTIONS,Indonesia,9900000.0,,10300.0,361700.0,522.0,1
984,Shruti Arjun Anand,shrutiarjunanand,India,9900000.0,,13200.0,616600.0,625.0,1
985,Dharma Productions,Dharma Productions,India,9900000.0,,1200.0,32500.0,156.0,0
986,SEVENGERS,SEVENGERS,India,9900000.0,,509100.0,2246412.5,905.0,1
987,Programa Panico,panicopgm,Brazil,9900000.0,,1700.0,45000.0,48.0,0
988,QPark,joycetanner,United States,9900000.0,,13800.0,197600.0,219.0,1
989,The Voice Global,The Voice Global,United States,9900000.0,,2900.0,302500.0,78.0,1
990,NH Studioz,nhstudioz,India,9900000.0,,156.0,20100.0,4.0,0
991,Prince Royce,Prince Royce,United States,9900000.0,,638.0,6400.0,18.0,0
992,MBCkpop,MBCkpop,Malaysia,9900000.0,,284.0,2900.0,14.0,0
993,The Bee Family,ehbeefamily,United States,9900000.0,,15700.0,325100.0,184.0,1
994,Fox News,FoxNewsChannel,United States,9900000.0,,5500.0,148900.0,1600.0,1
995,Raditya Dika,Raditya Dika,Indonesia,9900000.0,,14800.0,430500.0,741.0,1
996,Ini Talk Show,IniTalkShow,Indonesia,9900000.0,,290.0,25200.0,17.0,0
997,SpriteDer SPD,SpriteDer SPD,Thailand,9900000.0,,154400.0,2246412.5,3600.0,1
998,Classic Mr Bean,Classic Mr Bean,India,9900000.0,,1100.0,132600.0,53.0,1
999,Heera Gold,Heera Gold,Pakistan,9900000.0,,1600.0,39400.0,161.0,0
